"RelativePath","Title","Status","Reason","OldHero","NewHero","LeadCandidate","LeadLineNumber","FirstHeadingLineNumber","Localized","CaptionMigrated","BodyImageRemoved","Changed","Error"
"content/essays/1929-2029-americas-century-of-humiliation.md","1929-2029: America's Century of Humiliation","SKIPPED_NO_LEAD_CANDIDATE","No body image found.","/images/essays/1929-2029-americas-century-of-humiliation/hero.png","/images/essays/1929-2029-americas-century-of-humiliation/hero.png","",,"16","False","False","False","False",""
"content/essays/2025-supreme-court-wrap-up.md","2025 Supreme Court Wrap-Up","REVIEW_LEAD_OUTSIDE_HEURISTIC","First body image falls outside the lead-image heuristic.","/images/medium/2025-supreme-court-wrap-up/68599305e3376636d034277eda9d7b37f1a1108500a77c949f8d8d200d531095.png","/images/medium/2025-supreme-court-wrap-up/68599305e3376636d034277eda9d7b37f1a1108500a77c949f8d8d200d531095.png","https://cdn-images-1.medium.com/max/800/0*8h6rOFehpOBPvqzO","18","14","False","False","False","True",""
"content/essays/35-years-of-yellow-the-simpsons-time-loop.md","35 Years of Yellow: The Simpsons Time Loop","REVIEW_LEAD_OUTSIDE_HEURISTIC","First body image falls outside the lead-image heuristic.","/images/medium/35-years-of-yellow-the-simpsons-time-loop/57d2e2573cdbc659261cd4a869b43321fa96cd36a2a4f92c0efd3357c04c0318.png","/images/medium/35-years-of-yellow-the-simpsons-time-loop/57d2e2573cdbc659261cd4a869b43321fa96cd36a2a4f92c0efd3357c04c0318.png","https://cdn-images-1.medium.com/max/800/1*-9_wCAtWCE45n_ZZrH4BXA.png","36","32","False","False","False","False",""
"content/essays/6-reasons-redwall-is-a-timeless-classic.md","6 Reasons Redwall Is a Timeless Classic","REVIEW_LEAD_OUTSIDE_HEURISTIC","First body image falls outside the lead-image heuristic.","/images/medium/6-reasons-redwall-is-a-timeless-classic/4271248be82b271445e30852312a06bfbd54c7d1ddb8205fa5328aa8215900d8.jpeg","/images/medium/6-reasons-redwall-is-a-timeless-classic/4271248be82b271445e30852312a06bfbd54c7d1ddb8205fa5328aa8215900d8.jpeg","https://cdn-images-1.medium.com/max/800/1*sBGu46bvmRAY2c2TlI6nIA@2x.jpeg","8","6","False","False","False","False",""
"content/essays/8-big-questions-everyone-has-about-pope-leo-xiv.md","8 Big Questions Everyone Has About Pope Leo XIV","SKIPPED_NO_LEAD_CANDIDATE","No body image found.","/images/medium/8-big-questions-everyone-has-about-pope-leo-xiv/01d9124061df2074cc801a8c98cc8e9a3c44109e0dfa7405dc763bea63374476.jpeg","/images/medium/8-big-questions-everyone-has-about-pope-leo-xiv/01d9124061df2074cc801a8c98cc8e9a3c44109e0dfa7405dc763bea63374476.jpeg","",,"37","False","False","False","False",""
"content/essays/a-really-boring-topic.md","A Really Boring Topic","SKIPPED_CURRENT_HERO_WINS","Essay already has a non-placeholder hero.","/images/medium/a-really-boring-topic/21d0ba8af1bb61e16314860a6882761060c73a13546554cb1749d975d65bea8e.jpeg","/images/medium/a-really-boring-topic/21d0ba8af1bb61e16314860a6882761060c73a13546554cb1749d975d65bea8e.jpeg","https://cdn-images-1.medium.com/max/800/1*XtCMG4PL0QlPvGDNjlLSdQ@2x.jpeg","12",,"False","False","False","False",""
"content/essays/ai-in-education-is-a-wicked-problem.md","AI in Education Is a Wicked Problem","REVIEW_LEAD_OUTSIDE_HEURISTIC","First body image falls outside the lead-image heuristic.","/images/medium/ai-in-education-is-a-wicked-problem/5259adbea4308247944f02e7e6be83966064aba054b2c1a011a826f60635f8ba.png","/images/medium/ai-in-education-is-a-wicked-problem/5259adbea4308247944f02e7e6be83966064aba054b2c1a011a826f60635f8ba.png","https://cdn-images-1.medium.com/max/800/1*1uSh6N8hLgHGHMtFH5vvww.png","48","2","False","False","False","False",""
"content/essays/altmans-law.md","Altman’s Law","REVIEW_LEAD_OUTSIDE_HEURISTIC","First body image falls outside the lead-image heuristic.","/images/medium/altmans-law/c294e8d769c14dca54d5f71366a7f665406be3eac44117aab1579e78cd8cfd27.jpg","/images/medium/altmans-law/c294e8d769c14dca54d5f71366a7f665406be3eac44117aab1579e78cd8cfd27.jpg","https://cdn-images-1.medium.com/max/800/0*7tz6Y_lujClGre4T","23",,"False","False","False","False",""
"content/essays/american-household-debt.md","American Household Debt","SKIPPED_NO_LEAD_CANDIDATE","No body image found.","","","",,,"False","False","False","False",""
"content/essays/are-we-alone.md","Are We Alone?","REVIEW_LEAD_OUTSIDE_HEURISTIC","First body image falls outside the lead-image heuristic.","/images/medium/are-we-alone/1ce3cc8b74c5eaf2a0c196b0336516bcb69d3d1d42136c3b9004a643582074e6.jpeg","/images/medium/are-we-alone/1ce3cc8b74c5eaf2a0c196b0336516bcb69d3d1d42136c3b9004a643582074e6.jpeg","https://cdn-images-1.medium.com/max/800/1*yq66N7WRxTsuTWmB9pjYTw@2x.jpeg","50",,"False","False","False","False",""
"content/essays/benjamin-franklin-how-americas-funniest-founder-made-greatness-feel-possible.md","Benjamin Franklin: How America’s Funniest Founder Made Greatness Feel Possible","REVIEW_LEAD_OUTSIDE_HEURISTIC","First body image falls outside the lead-image heuristic.","/images/medium/benjamin-franklin-how-americas-funniest-founder-made-greatness-feel-possible/60260729069245aec2c2513ff114e881be68451fae1ca363432ab40d1bdaab17.jpeg","/images/medium/benjamin-franklin-how-americas-funniest-founder-made-greatness-feel-possible/60260729069245aec2c2513ff114e881be68451fae1ca363432ab40d1bdaab17.jpeg","https://cdn-images-1.medium.com/max/800/1*Y0uFsH585mD8uOULMYkfLQ.png","20","2","False","False","False","False",""
"content/essays/beyond-moores-law.md","Beyond Moore’s Law","SKIPPED_CURRENT_HERO_WINS","Essay already has a non-placeholder hero.","/images/medium/beyond-moores-law/2aae02b62e26713f72883871ed81f0a57d570de577814ea1767fd1f55bcda440.jpeg","/images/medium/beyond-moores-law/2aae02b62e26713f72883871ed81f0a57d570de577814ea1767fd1f55bcda440.jpeg","https://cdn-images-1.medium.com/max/800/1*mggL0TnihFhB1cmaacRiPA@2x.jpeg","1",,"False","False","False","False",""
"content/essays/bidens-strategic-oil-reserve-gamble-smart-move-or-national-security-risk.md","Biden’s Strategic Oil Reserve Gamble: Smart Move or National Security Risk?","SKIPPED_CURRENT_HERO_WINS","Essay already has a non-placeholder hero.","/images/medium/bidens-strategic-oil-reserve-gamble-smart-move-or-national-security-risk/8d0f199edacf1bf685a63f9d85f6691e0853351efd4c952ffcd76badee152004.jpeg","/images/medium/bidens-strategic-oil-reserve-gamble-smart-move-or-national-security-risk/8d0f199edacf1bf685a63f9d85f6691e0853351efd4c952ffcd76badee152004.jpeg","https://cdn-images-1.medium.com/max/800/1*BBBAxJBV51Xweq4thbAXCw@2x.jpeg","16",,"False","False","False","False",""
"content/essays/biter-the-slang-word-that-hits.md","Biter","SKIPPED_CURRENT_HERO_WINS","Essay already has a non-placeholder hero.","/images/medium/biter-the-slang-word-that-hits/2ea529440f66f2021477a8c9a3b5b45cdb9e09a0048a61cc9a9e995dc082bb7e.svg","/images/medium/biter-the-slang-word-that-hits/2ea529440f66f2021477a8c9a3b5b45cdb9e09a0048a61cc9a9e995dc082bb7e.svg","/images/medium/biter-the-slang-word-that-hits/415df01dc3e7120cd320f548761ad2d89cc559ea012996eab6c259546844e0c8.svg","18",,"False","False","False","False",""
"content/essays/building-for-centuries-not-election-cycles.md","Building for Centuries Not Election Cycles","REVIEW_LEAD_OUTSIDE_HEURISTIC","First body image falls outside the lead-image heuristic.","/images/medium/building-for-centuries-not-election-cycles/6dd004b4e2f7bf049ca17b3b694ff61968bab6e565c47cab696474a92471e04a.jpeg","/images/medium/building-for-centuries-not-election-cycles/6dd004b4e2f7bf049ca17b3b694ff61968bab6e565c47cab696474a92471e04a.jpeg","https://cdn-images-1.medium.com/max/800/1*akiRBXOLOHK5NouehAv2JA@2x.jpeg","37",,"False","False","False","False",""
"content/essays/camp-mystic-evacuation-timeline-guadalupe-river-flash-flood-july-4-2025.md","Camp Mystic Evacuation Timeline ~ Guadalupe River Flash Flood (July 4, 2025)","REVIEW_LEAD_OUTSIDE_HEURISTIC","First body image falls outside the lead-image heuristic.","/images/medium/camp-mystic-evacuation-timeline-guadalupe-river-flash-flood-july-4-2025/0ec9afa4944908a9366a77d95721184f1d306becf44ceecac10de15fda3917be.svg","/images/medium/camp-mystic-evacuation-timeline-guadalupe-river-flash-flood-july-4-2025/0ec9afa4944908a9366a77d95721184f1d306becf44ceecac10de15fda3917be.svg","/images/medium/camp-mystic-evacuation-timeline-guadalupe-river-flash-flood-july-4-2025/f08e17f240c2bf6bc18e5ca4751d1e5e16f9ff59e79cf69c2a941f55d168432d.svg","32","18","False","False","False","False",""
"content/essays/charlie-kirk-how-a-campus-activist-learned-to-command-the-national-conversation.md","Charlie Kirk: How a Campus Activist Learned to Command the National Conversation","SKIPPED_NO_LEAD_CANDIDATE","No body image found.","","","",,,"False","False","False","False",""
"content/essays/cpi-report-economic-analysis.md","CPI Report Economic Analysis","SKIPPED_NO_LEAD_CANDIDATE","No body image found.","","","",,,"False","False","False","False",""
"content/essays/cuomo-vs-mamdani-nyc-2025.md","The 2025 New York City Democratic Mayoral Primary","REVIEW_LEAD_OUTSIDE_HEURISTIC","First body image falls outside the lead-image heuristic.","/images/medium/cuomo-vs-mamdani-nyc-2025/791f85e62d84073354870f23d6a2372b73eef587b3bb21ff9bd13e2a21ad422a.jpeg","/images/medium/cuomo-vs-mamdani-nyc-2025/791f85e62d84073354870f23d6a2372b73eef587b3bb21ff9bd13e2a21ad422a.jpeg","https://cdn-images-1.medium.com/max/800/1*4Fgm-FdNIk8yoNPhbFK2wg.png","28","26","False","False","False","False",""
"content/essays/david-attenborough-how-one-quiet-voice-made-the-whole-world-listen.md","David Attenborough: How One Quiet Voice Made the Whole World Listen","REVIEW_LEAD_OUTSIDE_HEURISTIC","First body image falls outside the lead-image heuristic.","/images/medium/david-attenborough-how-one-quiet-voice-made-the-whole-world-listen/e9cc168657d174fbcaa39903485390e4c012d6aee82477adf48f67f3d94d5a10.jpeg","/images/medium/david-attenborough-how-one-quiet-voice-made-the-whole-world-listen/e9cc168657d174fbcaa39903485390e4c012d6aee82477adf48f67f3d94d5a10.jpeg","https://cdn-images-1.medium.com/max/800/1*SCQhyUQBx6fJf6K2GTwFfg@2x.jpeg","26","24","False","False","False","False",""
"content/essays/declaring-equality.md","Declaring Equality?","SKIPPED_CURRENT_HERO_WINS","Essay already has a non-placeholder hero.","/images/medium/declaring-equality/36a21b68974f610407cb4fd9666bdeecd27ab9e1b48d614f50114a4aa8344c3d.jpeg","/images/medium/declaring-equality/36a21b68974f610407cb4fd9666bdeecd27ab9e1b48d614f50114a4aa8344c3d.jpeg","https://cdn-images-1.medium.com/max/800/1*OCK_rXXX8EVISAlZKTGAjw@2x.jpeg","1",,"False","False","False","False",""
"content/essays/deepseek-lean-ai-disrupts-americas-compute-heavy-tech-giants.md","DeepSeek: Lean AI Disrupts America’s Compute-Heavy Tech Giants","SKIPPED_NO_LEAD_CANDIDATE","No body image found.","/images/medium/deepseek-lean-ai-disrupts-americas-compute-heavy-tech-giants/bd004c2ef628161dabf422814a612a5ec128b8ab922e1e9015faea0e3ae8ef49.jpeg","/images/medium/deepseek-lean-ai-disrupts-americas-compute-heavy-tech-giants/bd004c2ef628161dabf422814a612a5ec128b8ab922e1e9015faea0e3ae8ef49.jpeg","",,,"False","False","False","False",""
"content/essays/deference-lost.md","Deference Lost","SKIPPED_NO_LEAD_CANDIDATE","No body image found.","/images/medium/deference-lost/bbbe329f954f57ca95f2047e2220acfaf756fdf4499e35bf9a4e736166663dc0.jpeg","/images/medium/deference-lost/bbbe329f954f57ca95f2047e2220acfaf756fdf4499e35bf9a4e736166663dc0.jpeg","",,,"False","False","False","False",""
"content/essays/dick-cheney-how-a-master-of-government-turned-the-vice-presidency-into-a-power-center.md","Dick Cheney: How a Master of Government Turned the Vice Presidency into a Power Center","SKIPPED_NO_LEAD_CANDIDATE","No body image found.","","","",,,"False","False","False","False",""
"content/essays/dirt-is-better-than-air.md","Dirt Is Better Than Air","SKIPPED_NO_LEAD_CANDIDATE","No body image found.","/images/medium/dirt-is-better-than-air/4fabc777aec2477ce67e4c5981f3ebc1edf395cac2b0cb3110a8d6ff99f19623.jpeg","/images/medium/dirt-is-better-than-air/4fabc777aec2477ce67e4c5981f3ebc1edf395cac2b0cb3110a8d6ff99f19623.jpeg","",,,"False","False","False","False",""
"content/essays/elon-musk-doge-and-the-five-bullet-email-how-gwes-became-a-federal-workforce-loyalty-test.md","Elon Musk, DOGE, and the Five-Bullet Email: How GWES Became a Federal Workforce Loyalty Test","REVIEW_LEAD_OUTSIDE_HEURISTIC","First body image falls outside the lead-image heuristic.","/images/medium/elon-musk-doge-and-the-five-bullet-email-how-gwes-became-a-federal-workforce-loyalty-test/2d433a21e7918178f206a92811e962715a2dbeadd26881223a179ff09b346b67.jpeg","/images/medium/elon-musk-doge-and-the-five-bullet-email-how-gwes-became-a-federal-workforce-loyalty-test/2d433a21e7918178f206a92811e962715a2dbeadd26881223a179ff09b346b67.jpeg","https://cdn-images-1.medium.com/max/800/1*3vFKkXa3AW4Evrah-5s2PQ@2x.jpeg","24",,"False","False","False","False",""
"content/essays/etfs-and-market-concentration.md","ETFs and Market Concentration","SKIPPED_NO_LEAD_CANDIDATE","No body image found.","","","",,,"False","False","False","False",""
"content/essays/explaining-mutually-exclusive-and-collectively-exhaustive-where-did-my-paycheck-go.md","Explaining Mutually Exclusive and Collectively Exhaustive ~ Where Did My Paycheck Go?","REVIEW_LEAD_OUTSIDE_HEURISTIC","First body image falls outside the lead-image heuristic.","","","/images/medium/explaining-mutually-exclusive-and-collectively-exhaustive-where-did-my-paycheck-go/61a52f886b9d1e4bdb9b1d293ab6bbd3419ed45b322e637926a8ce7894b1325e.png","4","2","False","False","False","False",""
"content/essays/federalism-in-modern-american-society.md","Federalism in Modern American Society","SKIPPED_NO_LEAD_CANDIDATE","No body image found.","","","",,"2","False","False","False","False",""
"content/essays/flash-flood-alley-why-flash-floods-kill.md","Flash Flood Alley: Why Flash Floods Kill","REVIEW_LEAD_OUTSIDE_HEURISTIC","First body image falls outside the lead-image heuristic.","/images/medium/flash-flood-alley-why-flash-floods-kill/bc148062f555057b86125c97330c9157489ac6f13f06b0b6b48845e80c9c9701.png","/images/medium/flash-flood-alley-why-flash-floods-kill/bc148062f555057b86125c97330c9157489ac6f13f06b0b6b48845e80c9c9701.png","https://cdn-images-1.medium.com/max/800/1*DPSJDDpBLdt-8uOshMSqRw.png","45","2","False","False","False","False",""
"content/essays/gene-hackman-how-a-reluctant-star-became-the-actor-everyone-believed.md","Gene Hackman: How a Reluctant Star Became the Actor Everyone Believed","SKIPPED_NO_LEAD_CANDIDATE","No body image found.","","","",,,"False","False","False","False",""
"content/essays/generation-inflation.md","Generation Inflation","REVIEW_LEAD_OUTSIDE_HEURISTIC","First body image falls outside the lead-image heuristic.","/images/medium/generation-inflation/04bd9395c74d1ab1388648acde9ead9cf1bd9a7b1573c15a8d943dacf6fe2784.jpeg","/images/medium/generation-inflation/04bd9395c74d1ab1388648acde9ead9cf1bd9a7b1573c15a8d943dacf6fe2784.jpeg","https://cdn-images-1.medium.com/max/800/1*fVNm7vaziGzdCdQjHAOMig@2x.jpeg","28",,"False","False","False","False",""
"content/essays/george-foreman-how-a-heavyweight-champion-turned-reinvention-into-his-greatest-skill.md","George Foreman: How a Heavyweight Champion Turned Reinvention into His Greatest Skill","SKIPPED_NO_LEAD_CANDIDATE","No body image found.","","","",,,"False","False","False","False",""
"content/essays/hindsight-2026-d4vd-alleged-romantic-homicide.md","Hindsight 2026: d4vd's alleged ""Romantic Homicide""","REVIEW_LEAD_OUTSIDE_HEURISTIC","First body image falls outside the lead-image heuristic.","/images/essays/hindsight-2026-d4vd-alleged-romantic-homicide/hero.png","/images/essays/hindsight-2026-d4vd-alleged-romantic-homicide/hero.png","/images/essays/hindsight-2026-d4vd-alleged-romantic-homicide/section-1.png","34","24","False","False","False","False",""
"content/essays/household-and-individual-wealth-in-america.md","Household and Individual Income in America","SKIPPED_NO_LEAD_CANDIDATE","No body image found.","","","",,,"False","False","False","False",""
"content/essays/how-american-farm-labor-is-set-to-evolve.md","How American Farm Labor is Set to Evolve…","SKIPPED_CURRENT_HERO_WINS","Essay already has a non-placeholder hero.","/images/medium/how-american-farm-labor-is-set-to-evolve/dff114a907fa929b6f43c06c5643b2f9f242465875c39b6eaef5edffbcf6be33.jpeg","/images/medium/how-american-farm-labor-is-set-to-evolve/dff114a907fa929b6f43c06c5643b2f9f242465875c39b6eaef5edffbcf6be33.jpeg","https://cdn-images-1.medium.com/max/800/1*ggitK7GpOT_hLEoDvuayPA@2x.jpeg","14",,"False","False","False","False",""
"content/essays/how-did-mother-become-a-controversial-word-in-america.md","How did “Mother” Become a Controversial Word in America?","REVIEW_LEAD_OUTSIDE_HEURISTIC","First body image falls outside the lead-image heuristic.","/images/medium/how-did-mother-become-a-controversial-word-in-america/c0712a9e67b7cf81b94f7909a750b129a9690f4b24f7022a544f14f43d3605c3.jpeg","/images/medium/how-did-mother-become-a-controversial-word-in-america/c0712a9e67b7cf81b94f7909a750b129a9690f4b24f7022a544f14f43d3605c3.jpeg","https://cdn-images-1.medium.com/max/800/1*j_p9PbZZDUlhS3gkvfHecw@2x.jpeg","48","22","False","False","False","False",""
"content/essays/how-senate-republicans-handle-trumps-ukraine-rhetoric-without-losing-maga-support.md","How Senate Republicans Handle Trump’s Ukraine Rhetoric Without Losing MAGA Support","SKIPPED_CURRENT_HERO_WINS","Essay already has a non-placeholder hero.","/images/medium/how-senate-republicans-handle-trumps-ukraine-rhetoric-without-losing-maga-support/ce382abf9ec021d17148a74955d2b713c913ccc400d3c6f8cf5f2d90ace5ef7d.jpeg","/images/medium/how-senate-republicans-handle-trumps-ukraine-rhetoric-without-losing-maga-support/ce382abf9ec021d17148a74955d2b713c913ccc400d3c6f8cf5f2d90ace5ef7d.jpeg","https://cdn-images-1.medium.com/max/800/1*Pqp3BB7ttMpuRrXXl88lNQ@2x.jpeg","18",,"False","False","False","False",""
"content/essays/how-tucson-az-plans-for-water-scarcity.md","How Tucson, AZ Plans for Water Scarcity","REVIEW_LEAD_OUTSIDE_HEURISTIC","First body image falls outside the lead-image heuristic.","/images/medium/how-tucson-az-plans-for-water-scarcity/aa98845fc72a30c1e966cff65d81fdafa57cb016625a49c707aa3c432ac2e3f5.png","/images/medium/how-tucson-az-plans-for-water-scarcity/aa98845fc72a30c1e966cff65d81fdafa57cb016625a49c707aa3c432ac2e3f5.png","https://cdn-images-1.medium.com/max/800/0*2gMErxTrfr6Gc-Xl","12","2","False","False","False","False",""
"content/essays/in-the-image-of-god.md","In The Image of God","REVIEW_LEAD_OUTSIDE_HEURISTIC","First body image falls outside the lead-image heuristic.","/images/medium/in-the-image-of-god/fa2482c598cd754263ea2463145d8e69da0af924b806be195d62df5c53684d0f.jpg","/images/medium/in-the-image-of-god/fa2482c598cd754263ea2463145d8e69da0af924b806be195d62df5c53684d0f.jpg","https://cdn-images-1.medium.com/max/800/1*ySreNhiP4IH4YH1A29GvVQ@2x.jpeg","27","2","False","False","False","False",""
"content/essays/inflation-myths-why-private-banks-not-just-government-spending-drive-prices-up.md","Inflation Myths: Why Private Banks, Not Just Government Spending, Drive Prices Up","REVIEW_LEAD_OUTSIDE_HEURISTIC","First body image falls outside the lead-image heuristic.","/images/medium/inflation-myths-why-private-banks-not-just-government-spending-drive-prices-up/982e8af5463df6dd09ee9b9aeb11f3c8764461085e2bf676f51d03a5fc9fe1fb.jpeg","/images/medium/inflation-myths-why-private-banks-not-just-government-spending-drive-prices-up/982e8af5463df6dd09ee9b9aeb11f3c8764461085e2bf676f51d03a5fc9fe1fb.jpeg","https://cdn-images-1.medium.com/max/800/1*qbJSlEkF3WDmOTHn3z3aoA@2x.jpeg","34","32","False","False","False","False",""
"content/essays/iran-fires-missiles-at-u-s-base-in-qatar-what-just-happened.md","Iran Fires Missiles at U.S. Base in Qatar — What Just Happened?","REVIEW_LEAD_OUTSIDE_HEURISTIC","First body image falls outside the lead-image heuristic.","/images/medium/iran-fires-missiles-at-u-s-base-in-qatar-what-just-happened/6e8942634417a99dbe919c3d64e6d5b3b172ef46c77982b5fd6c63e11504e168.png","/images/medium/iran-fires-missiles-at-u-s-base-in-qatar-what-just-happened/6e8942634417a99dbe919c3d64e6d5b3b172ef46c77982b5fd6c63e11504e168.png","https://cdn-images-1.medium.com/max/800/1*9cIs0papoSvuFA19-6sBoQ.png","38","2","False","False","False","False",""
"content/essays/is-doge-legal.md","Is DOGE Legal?","SKIPPED_CURRENT_HERO_WINS","Essay already has a non-placeholder hero.","/images/medium/is-doge-legal/10ffd90e9af53ac34383d3682567157a1cd9f31053fe0456e16e2f7ee243bb24.jpeg","/images/medium/is-doge-legal/10ffd90e9af53ac34383d3682567157a1cd9f31053fe0456e16e2f7ee243bb24.jpeg","https://cdn-images-1.medium.com/max/800/1*Pr6z6VoWkOjU7stuatVSBQ@2x.jpeg","17",,"False","False","False","False",""
"content/essays/is-trump-seriously-asking-for-ukraines-mineral-rights-or-is-this-just-a-distraction.md","Is Trump Seriously Asking for Ukraine’s Mineral Rights — Or Is This Just a Distraction?","SKIPPED_CURRENT_HERO_WINS","Essay already has a non-placeholder hero.","/images/medium/is-trump-seriously-asking-for-ukraines-mineral-rights-or-is-this-just-a-distraction/ddf0698b8bfddfca59454408fb47a4e29df1578c33e821d6083ab9e6d85458f5.jpeg","/images/medium/is-trump-seriously-asking-for-ukraines-mineral-rights-or-is-this-just-a-distraction/ddf0698b8bfddfca59454408fb47a4e29df1578c33e821d6083ab9e6d85458f5.jpeg","https://cdn-images-1.medium.com/max/800/1*ZTl6bCIdX9qdwTHcwBLJ7w@2x.jpeg","18",,"False","False","False","False",""
"content/essays/its-hard-to-condemn-what-doge-is-doing.md","It’s Hard to Condemn what DOGE is Doing","SKIPPED_CURRENT_HERO_WINS","Essay already has a non-placeholder hero.","/images/medium/its-hard-to-condemn-what-doge-is-doing/d0e770bbe36eaacb02b0485d21c33b388d5975eb34ddcb15f38b678658bb506e.jpeg","/images/medium/its-hard-to-condemn-what-doge-is-doing/d0e770bbe36eaacb02b0485d21c33b388d5975eb34ddcb15f38b678658bb506e.jpeg","https://cdn-images-1.medium.com/max/800/1*1jMol1K4xScoQWWVhAuLjg@2x.jpeg","20",,"False","False","False","False",""
"content/essays/its-tough-to-weigh-short-term-costs-against-what-people-perceive-as-low-probability-events.md","It’s tough to weigh short term costs against what people perceive as low probability events.","SKIPPED_NO_LEAD_CANDIDATE","No body image found.","","","",,,"False","False","False","False",""
"content/essays/jack-stratton-and-the-vulfpeck-model.md","How Jack Stratton Hacked the Music Industry with Funk, Friends, and Irresistible Groove","REVIEW_LEAD_OUTSIDE_HEURISTIC","First body image falls outside the lead-image heuristic.","/images/medium/jack-stratton-and-the-vulfpeck-model/52bb101b41234f692c761a11f33e202a31bb366b4c2c8e31b07a3ac2b8856187.jpeg","/images/medium/jack-stratton-and-the-vulfpeck-model/52bb101b41234f692c761a11f33e202a31bb366b4c2c8e31b07a3ac2b8856187.jpeg","https://cdn-images-1.medium.com/max/800/1*lnZzSPtgNq5i73LamdlqSg@2x.jpeg","35","33","False","False","False","False",""
"content/essays/june-27-2025-scotus-set-to-close-its-term-with-major-decisions.md","June 27, 2025 — SCOTUS Set to Close Its Term with Major Decisions","SKIPPED_NO_LEAD_CANDIDATE","No body image found.","/images/medium/june-27-2025-scotus-set-to-close-its-term-with-major-decisions/3e3314784d7537761d81f4f12a5caf75700231bbb4a666f30ae7a77f33831c05.png","/images/medium/june-27-2025-scotus-set-to-close-its-term-with-major-decisions/3e3314784d7537761d81f4f12a5caf75700231bbb4a666f30ae7a77f33831c05.png","",,"8","False","False","False","False",""
"content/essays/labor-force-participation-trends-in-modern-american-society.md","Labor Force Participation Trends in Modern American Society","SKIPPED_NO_LEAD_CANDIDATE","No body image found.","","","",,,"False","False","False","False",""
"content/essays/let-it-crash-the-opportunity-of-a-lifetime.md","Let It Crash: The Opportunity of a Lifetime","SKIPPED_CURRENT_HERO_WINS","Essay already has a non-placeholder hero.","/images/medium/let-it-crash-the-opportunity-of-a-lifetime/87fb7d2db379f7a2f8248d860fc4efb83cd681423ba62f2fb45e6f9a98eba8cf.jpeg","/images/medium/let-it-crash-the-opportunity-of-a-lifetime/87fb7d2db379f7a2f8248d860fc4efb83cd681423ba62f2fb45e6f9a98eba8cf.jpeg","https://cdn-images-1.medium.com/max/800/1*Ch95fdxGr3wSgvtUbY_TRg@2x.jpeg","18",,"False","False","False","False",""
"content/essays/life-is-a-bull-market.md","Life Is a Bull Market","REVIEW_LEAD_OUTSIDE_HEURISTIC","First body image falls outside the lead-image heuristic.","/images/medium/life-is-a-bull-market/df53bd86e1b4ab0886a4b5346bb4fb1d3213d35de23e09436064bf85cca64a77.jpeg","/images/medium/life-is-a-bull-market/df53bd86e1b4ab0886a4b5346bb4fb1d3213d35de23e09436064bf85cca64a77.jpeg","https://cdn-images-1.medium.com/max/800/1*mHxN-rEGGixumWP62rOm3g@2x.jpeg","87","20","False","False","False","False",""
"content/essays/literacy-in-the-united-states-and-the-world.md","Literacy in The United States and The World","SKIPPED_CURRENT_HERO_WINS","Essay already has a non-placeholder hero.","/images/medium/literacy-in-the-united-states-and-the-world/c118624693eba9059f5bd1107003858a834ffbc23f177f34cf9ce14f2432982a.jpeg","/images/medium/literacy-in-the-united-states-and-the-world/c118624693eba9059f5bd1107003858a834ffbc23f177f34cf9ce14f2432982a.jpeg","https://cdn-images-1.medium.com/max/800/1*i0pkIvvSlsu2_M3NgVqkPQ@2x.jpeg","8","48","False","False","False","False",""
"content/essays/make-fighter-jets-great-again-introducing-the-f-47.md","Make Fighter Jets Great Again: Introducing the F-47","SKIPPED_CURRENT_HERO_WINS","Essay already has a non-placeholder hero.","/images/medium/make-fighter-jets-great-again-introducing-the-f-47/963f254bdaaa5257edccd50b26cd1c5b9164e396f719d4b30c42d426ddf1ac4d.jpeg","/images/medium/make-fighter-jets-great-again-introducing-the-f-47/963f254bdaaa5257edccd50b26cd1c5b9164e396f719d4b30c42d426ddf1ac4d.jpeg","https://cdn-images-1.medium.com/max/800/1*cB6V2VkB1zb_vJR9yUf9RQ@2x.jpeg","6",,"False","False","False","False",""
"content/essays/mcdonalds-faces-week-long-boycott-june-24-2025.md","McDonald’s Faces Week‑Long Boycott","REVIEW_LEAD_OUTSIDE_HEURISTIC","First body image falls outside the lead-image heuristic.","/images/medium/mcdonalds-faces-week-long-boycott-june-24-2025/749ee55ce9ab60c1fcd9c08c9a18005323d61e7da148e1fbcf4e8ef3daf13794.png","/images/medium/mcdonalds-faces-week-long-boycott-june-24-2025/749ee55ce9ab60c1fcd9c08c9a18005323d61e7da148e1fbcf4e8ef3daf13794.png","https://cdn-images-1.medium.com/max/800/1*IU115Da3az3hnov9rU9Lcg.png","24","22","False","False","False","True",""
"content/essays/metas-ai-ambitions-the-future-of-intelligence-or-an-alignment-crisis.md","Meta’s AI Ambitions: The Future of Intelligence or an Alignment Crisis?","SKIPPED_NO_LEAD_CANDIDATE","No body image found.","/images/medium/metas-ai-ambitions-the-future-of-intelligence-or-an-alignment-crisis/7b4ca45a4df03206d711d7ec13bfaf7fbb948f3b7d170e5723df179e749f1b83.jpeg","/images/medium/metas-ai-ambitions-the-future-of-intelligence-or-an-alignment-crisis/7b4ca45a4df03206d711d7ec13bfaf7fbb948f3b7d170e5723df179e749f1b83.jpeg","",,,"False","False","False","False",""
"content/essays/mingo-county-mud-in-the-water.md","Mingo County: Mud in the Water","REVIEW_LEAD_OUTSIDE_HEURISTIC","First body image falls outside the lead-image heuristic.","/images/medium/mingo-county-mud-in-the-water/1b7bc0f31b0983531545efde2ef0518d63154c5312db959917972bb515e7b60c.jpeg","/images/medium/mingo-county-mud-in-the-water/1b7bc0f31b0983531545efde2ef0518d63154c5312db959917972bb515e7b60c.jpeg","https://cdn-images-1.medium.com/max/800/1*908CqOWEi7Qyyje1moKijA@2x.jpeg","22",,"False","False","False","False",""
"content/essays/moral-momentum.md","Moral Momentum","SKIPPED_NO_LEAD_CANDIDATE","No body image found.","/images/medium/moral-momentum/c51f0ead05ea0a409a0d3c511938640b488731f8921531aacbe7167b662c33c6.jpeg","/images/medium/moral-momentum/c51f0ead05ea0a409a0d3c511938640b488731f8921531aacbe7167b662c33c6.jpeg","",,,"False","False","False","False",""
"content/essays/natural-asset-companies.md","Natural Asset Companies","SKIPPED_NO_LEAD_CANDIDATE","No body image found.","","","",,,"False","False","False","False",""
"content/essays/nietzsche-vs-simulation-theory-why-the-nature-of-reality-real-or-not-doesnt-matter.md","Nietzsche vs. Simulation Theory: Why the Nature of Reality (Real or Not) Doesn’t Matter","SKIPPED_CURRENT_HERO_WINS","Essay already has a non-placeholder hero.","/images/medium/nietzsche-vs-simulation-theory-why-the-nature-of-reality-real-or-not-doesnt-matter/e93d94381ef1f833ddc148e32b22488d967caa2ec4e0663eb1d895e015bf7c5f.jpeg","/images/medium/nietzsche-vs-simulation-theory-why-the-nature-of-reality-real-or-not-doesnt-matter/e93d94381ef1f833ddc148e32b22488d967caa2ec4e0663eb1d895e015bf7c5f.jpeg","https://cdn-images-1.medium.com/max/800/1*nywfgfLjP8Okw4MKJRs3mg@2x.jpeg","18",,"False","False","False","False",""
"content/essays/nottoway-plantation-burns-down-in-fire-history-and-legacy-of-the-souths-largest-mansion.md","Nottoway Plantation Burns Down in Fire: History and Legacy of the South’s Largest Mansion","SKIPPED_NO_LEAD_CANDIDATE","No body image found.","","","",,"17","False","False","False","False",""
"content/essays/ozzy-osbourne-how-heavy-metals-most-unruly-star-became-a-cultural-fixture.md","Ozzy Osbourne: How Heavy Metal's Most Unruly Star Became a Cultural Fixture","SKIPPED_NO_LEAD_CANDIDATE","No body image found.","","","",,,"False","False","False","False",""
"content/essays/pope-francis-how-a-plainspoken-pope-reframed-moral-authority.md","Pope Francis: How a Plainspoken Pope Reframed Moral Authority","SKIPPED_NO_LEAD_CANDIDATE","No body image found.","","","",,,"False","False","False","False",""
"content/essays/pope-leo-xiv-from-chicago-altar-boy-to-the-chair-of-saint-peter.md","Who Is Pope Leo XIV? Chicago-Born Priest Becomes First American Pope","REVIEW_LEAD_OUTSIDE_HEURISTIC","First body image falls outside the lead-image heuristic.","/images/medium/pope-leo-xiv-from-chicago-altar-boy-to-the-chair-of-saint-peter/64a77b457874a4f350bf43b17cd5195fe10c5fc41af5ff7e2a1ca4e2d9c0b55c.png","/images/medium/pope-leo-xiv-from-chicago-altar-boy-to-the-chair-of-saint-peter/64a77b457874a4f350bf43b17cd5195fe10c5fc41af5ff7e2a1ca4e2d9c0b55c.png","https://cdn-images-1.medium.com/max/800/1*38tZ5mFXTqHRvcX2v2snNQ.png","4","2","False","False","False","False",""
"content/essays/pornography-the-modern-secular-state-religion-and-american-morality.md","The Rise of Pornography and the Fall of Morality","REVIEW_LEAD_OUTSIDE_HEURISTIC","First body image falls outside the lead-image heuristic.","/images/medium/pornography-the-modern-secular-state-religion-and-american-morality/73e4b3b8aef6b4c1ca7a9e43be4aedaea51acd0c671994152f688f0655ad31bb.jpeg","/images/medium/pornography-the-modern-secular-state-religion-and-american-morality/73e4b3b8aef6b4c1ca7a9e43be4aedaea51acd0c671994152f688f0655ad31bb.jpeg","/images/medium/pornography-the-modern-secular-state-religion-and-american-morality/e23eb0c06f9b9269eb68bf003662f9bb052f278ce14a2d8cf1d1ebcb61934caf.png","41","39","False","False","False","False",""
"content/essays/presidential-elections.md","Presidential Elections","SKIPPED_NO_LEAD_CANDIDATE","No body image found.","","","",,,"False","False","False","False",""
"content/essays/public-vs-private-pay-who-really-earns-more.md","Public vs Private Pay: Who Really Earns More?","REVIEW_LEAD_OUTSIDE_HEURISTIC","First body image falls outside the lead-image heuristic.","/images/medium/public-vs-private-pay-who-really-earns-more/e08e2d9e594e88fe577e132b4ab69e9bf449fe573bd5abd1e3db0ccdb88311ce.png","/images/medium/public-vs-private-pay-who-really-earns-more/e08e2d9e594e88fe577e132b4ab69e9bf449fe573bd5abd1e3db0ccdb88311ce.png","https://cdn-images-1.medium.com/max/800/0*_YODUx2AJYPvf6a1","43","39","False","False","False","False",""
"content/essays/rational-ignorance-in-the-u-s-presidential-electorate.md","Rational Ignorance in the U.S. Presidential Electorate","SKIPPED_NO_LEAD_CANDIDATE","No body image found.","","","",,"8","False","False","False","False",""
"content/essays/rethinking-coastal-retreat.md","Rethinking Coastal Retreat","SKIPPED_NO_LEAD_CANDIDATE","No body image found.","","","",,,"False","False","False","False",""
"content/essays/rethinking-invasive-species-management.md","Rethinking Invasive Species Management in Florida","SKIPPED_CURRENT_HERO_WINS","Essay already has a non-placeholder hero.","/images/medium/rethinking-invasive-species-management/b2abf9b790de4f5931aecbfc1efab23d8192a255108fbcd9e9204019fed1b173.svg","/images/medium/rethinking-invasive-species-management/b2abf9b790de4f5931aecbfc1efab23d8192a255108fbcd9e9204019fed1b173.svg","/images/medium/rethinking-invasive-species-management/765ce98cfda62fede58231f05cfacfb8070505720b50faad2647fd476ae53b36.svg","13","36","False","False","False","False",""
"content/essays/risk-management-vs-risk-analysis-whats-the-difference.md","Risk Management vs Risk Analysis: What’s the Difference?","REVIEW_LEAD_OUTSIDE_HEURISTIC","First body image falls outside the lead-image heuristic.","/images/medium/risk-management-vs-risk-analysis-whats-the-difference/697afcd47059e365bcca0f5a04697d3d99818ae12a2f5a8adf20109dfab8fcdc.png","/images/medium/risk-management-vs-risk-analysis-whats-the-difference/697afcd47059e365bcca0f5a04697d3d99818ae12a2f5a8adf20109dfab8fcdc.png","https://cdn-images-1.medium.com/max/800/1*3hETRUzbxy--CgUo3kEWUg.png","85","11","False","False","False","False",""
"content/essays/russias-slow-surrender-how-china-is-turning-putin-s-war-into-a-power-play.md","Russia’s Slow Surrender: How China is Turning Putin’s War into a Power Play","SKIPPED_CURRENT_HERO_WINS","Essay already has a non-placeholder hero.","/images/medium/russias-slow-surrender-how-china-is-turning-putin-s-war-into-a-power-play/35170d6117697c99d263a1757eb5190348013a31255dfaed3a51215b415933a5.jpeg","/images/medium/russias-slow-surrender-how-china-is-turning-putin-s-war-into-a-power-play/35170d6117697c99d263a1757eb5190348013a31255dfaed3a51215b415933a5.jpeg","https://cdn-images-1.medium.com/max/800/1*p0cBliQPoGcK6M3-B8Q4_A@2x.jpeg","10",,"False","False","False","False",""
"content/essays/standard-of-living-vs-quality-of-life-what-the-numbers-miss.md","Standard of Living vs. Quality of Life: What the Numbers Miss","REVIEW_LEAD_OUTSIDE_HEURISTIC","First body image falls outside the lead-image heuristic.","/images/medium/standard-of-living-vs-quality-of-life-what-the-numbers-miss/0f2b5ab93973a8f53632b41ba12cfaaf0e21b0a75f2ab06b643fdd9ad3dbe04c.jpg","/images/medium/standard-of-living-vs-quality-of-life-what-the-numbers-miss/0f2b5ab93973a8f53632b41ba12cfaaf0e21b0a75f2ab06b643fdd9ad3dbe04c.jpg","https://cdn-images-1.medium.com/max/800/0*Vum-ilm-3CuqxyJB","39","5","False","False","False","False",""
"content/essays/synthetic-reasoning.md","Synthetic Reasoning","REVIEW_LEAD_OUTSIDE_HEURISTIC","First body image falls outside the lead-image heuristic.","/images/medium/synthetic-reasoning/07c57a8f208c2fc53fc2c10e5deb4e365b94b9d37089dde7e1612013d373b9e0.jpeg","/images/medium/synthetic-reasoning/07c57a8f208c2fc53fc2c10e5deb4e365b94b9d37089dde7e1612013d373b9e0.jpeg","https://cdn-images-1.medium.com/max/800/1*p0piXEyzL5gpdWFXSgxeGA@2x.jpeg","26","8","False","False","False","False",""
"content/essays/tariffs-protectionism-and-wishful-thinking.md","Tariffs, Protectionism, and Wishful Thinking","SKIPPED_CURRENT_HERO_WINS","Essay already has a non-placeholder hero.","/images/medium/tariffs-protectionism-and-wishful-thinking/a2ca847bbd3c4228bf2346d7ece93cf9ac250f9a657cc827efdd0da7347319dc.jpg","/images/medium/tariffs-protectionism-and-wishful-thinking/a2ca847bbd3c4228bf2346d7ece93cf9ac250f9a657cc827efdd0da7347319dc.jpg","https://cdn-images-1.medium.com/max/800/0*bKZl9g-xzzYaiobg","12",,"False","False","False","False",""
"content/essays/the-100-year-flood-is-not-what-you-think.md","The 100-Year Flood Is Not What You Think","REVIEW_LEAD_OUTSIDE_HEURISTIC","First body image falls outside the lead-image heuristic.","/images/medium/the-100-year-flood-is-not-what-you-think/96718dd1ce6457c535506421a4afbbb633458940478ba3165a382cfaa93d70aa.jpeg","/images/medium/the-100-year-flood-is-not-what-you-think/96718dd1ce6457c535506421a4afbbb633458940478ba3165a382cfaa93d70aa.jpeg","https://cdn-images-1.medium.com/max/800/1*QkwHnrZCeHCgldxY7S7Ivw@2x.jpeg","24","2","False","False","False","False",""
"content/essays/the-cracked-pot.md","The Cracked Pot","SKIPPED_NO_LEAD_CANDIDATE","No body image found.","","","",,,"False","False","False","False",""
"content/essays/the-crucifix-courage-training-to-speak-truth-in-a-false-world.md","The Crucifix: Courage Training to Speak Truth in a False World","REVIEW_LEAD_OUTSIDE_HEURISTIC","First body image falls outside the lead-image heuristic.","/images/social/outside-in-print-default.png","/images/social/outside-in-print-default.png","https://cdn-images-1.medium.com/max/800/1*BD9RfIJ3mk3o1YGQFDhi_g.png","4","2","False","False","False","False",""
"content/essays/the-death-of-moores-law.md","The Death of Moore’s Law","SKIPPED_CURRENT_HERO_WINS","Essay already has a non-placeholder hero.","/images/medium/the-death-of-moores-law/c8f9f3c89cefb298ee7f1eab911925dd4eb577b40e806d67b5985a474aee18b9.jpeg","/images/medium/the-death-of-moores-law/c8f9f3c89cefb298ee7f1eab911925dd4eb577b40e806d67b5985a474aee18b9.jpeg","https://cdn-images-1.medium.com/max/800/1*AXMlC9uMvDqyKDXhoUcEvA@2x.jpeg","10",,"False","False","False","False",""
"content/essays/the-dolphin-company.md","The Dolphin Company","REVIEW_LEAD_OUTSIDE_HEURISTIC","First body image falls outside the lead-image heuristic.","/images/medium/the-dolphin-company/92120106176bb8291df18e01fb3fa7d266b0e02ca97777a6a6619ddc90ea5bb4.jpeg","/images/medium/the-dolphin-company/92120106176bb8291df18e01fb3fa7d266b0e02ca97777a6a6619ddc90ea5bb4.jpeg","https://cdn-images-1.medium.com/max/800/1*MfxJUR7YxK7MYcIqkIQGXA.jpeg","57","2","False","False","False","True",""
"content/essays/the-economics-of-the-mongol-empire.md","The Economics of the Mongol Empire","REVIEW_LEAD_OUTSIDE_HEURISTIC","First body image falls outside the lead-image heuristic.","/images/medium/the-economics-of-the-mongol-empire/60342f090c96aae087a5ed7917af61424689ccc02035e6e48d930d3f394b2fb7.jpeg","/images/medium/the-economics-of-the-mongol-empire/60342f090c96aae087a5ed7917af61424689ccc02035e6e48d930d3f394b2fb7.jpeg","https://cdn-images-1.medium.com/max/800/1*y4DOegWOCQOPVTAwl0KEtQ.png","28",,"False","False","False","False",""
"content/essays/the-fair-price-of-bitcoin-69420.md","The Fair Price of Bitcoin: $69,420","REVIEW_LEAD_OUTSIDE_HEURISTIC","First body image falls outside the lead-image heuristic.","/images/medium/the-fair-price-of-bitcoin-69420/bitcoin-price-surge-and-volatility.png","/images/medium/the-fair-price-of-bitcoin-69420/bitcoin-price-surge-and-volatility.png","/images/medium/the-fair-price-of-bitcoin-69420/bitcoin-price-journey-rally-drop-stability.png","12","8","False","False","False","False",""
"content/essays/the-future-of-ai-and-technical-jobs-why-review-work-is-your-best-bet-for-now.md","The Future of AI and Technical Jobs: Why Review Work Is Your Best Bet (For Now)","SKIPPED_CURRENT_HERO_WINS","Essay already has a non-placeholder hero.","/images/medium/the-future-of-ai-and-technical-jobs-why-review-work-is-your-best-bet-for-now/cba9e9b06b3e7cb155f359c7984d07df994a9b4cddb356a6354a3b6d930348b8.jpeg","/images/medium/the-future-of-ai-and-technical-jobs-why-review-work-is-your-best-bet-for-now/cba9e9b06b3e7cb155f359c7984d07df994a9b4cddb356a6354a3b6d930348b8.jpeg","https://cdn-images-1.medium.com/max/800/1*Wwr2C8xqp5zOpGRSgws6TQ@2x.jpeg","18",,"False","False","False","False",""
"content/essays/the-ledger-vol-1.md","The Ledger, Vol. 1","SKIPPED_NO_LEAD_CANDIDATE","No body image found.","/images/medium/the-ledger-vol-1/79135b86692f72d399ab6e14643d150385b4419e4c10a2c66a7e32ccacd64cbe.png","/images/medium/the-ledger-vol-1/79135b86692f72d399ab6e14643d150385b4419e4c10a2c66a7e32ccacd64cbe.png","",,"30","False","False","False","False",""
"content/essays/the-ledger-vol-2.md","The Ledger, Vol. 2","REVIEW_LEAD_OUTSIDE_HEURISTIC","First body image falls outside the lead-image heuristic.","","","https://cdn-images-1.medium.com/max/800/1*lqgukPVI0EQVJ9fx0Xw6Eg@2x.jpeg","5","2","False","False","False","False",""
"content/essays/the-ledger-vol-3.md","The Ledger, Vol. 3","REVIEW_LEAD_OUTSIDE_HEURISTIC","First body image falls outside the lead-image heuristic.","","","https://cdn-images-1.medium.com/max/800/1*A5i_yg7r-l_c_PcodMRCdw.png","6","2","False","False","False","False",""
"content/essays/the-little-prince-10-powerful-quotes-that-will-change-how-you-see-life.md","The Little Prince: 10 Powerful Quotes That Will Change How You See Life","SKIPPED_NO_LEAD_CANDIDATE","No body image found.","/images/medium/the-little-prince-10-powerful-quotes-that-will-change-how-you-see-life/214d2b4fcdf2caf027b5fef407d18437523f338ba643848578fd1a9b869c163d.jpeg","/images/medium/the-little-prince-10-powerful-quotes-that-will-change-how-you-see-life/214d2b4fcdf2caf027b5fef407d18437523f338ba643848578fd1a9b869c163d.jpeg","",,,"False","False","False","False",""
"content/essays/the-max-mistake-why-hbos-name-change-backfired.md","The Max Mistake: Why HBO’s Name Change Backfired","REVIEW_LEAD_OUTSIDE_HEURISTIC","First body image falls outside the lead-image heuristic.","/images/medium/the-max-mistake-why-hbos-name-change-backfired/9d6aa7e31089220539d97cc526c31b6cae1ae73620269399d1bf1dee8e24fdb1.jpeg","/images/medium/the-max-mistake-why-hbos-name-change-backfired/9d6aa7e31089220539d97cc526c31b6cae1ae73620269399d1bf1dee8e24fdb1.jpeg","https://cdn-images-1.medium.com/max/800/1*a4ecbxx_FOBr-SHfbM9xeA@2x.jpeg","25","23","False","False","False","False",""
"content/essays/the-national-debt-is-screwing-you-heres-how.md","The National Debt Is Screwing You — Here’s How","REVIEW_LEAD_OUTSIDE_HEURISTIC","First body image falls outside the lead-image heuristic.","/images/medium/the-national-debt-is-screwing-you-heres-how/0a38cb7ce16106abac5e6818c097159c0c7e758e5b7a1a6af19de9d88e0cd8d4.jpeg","/images/medium/the-national-debt-is-screwing-you-heres-how/0a38cb7ce16106abac5e6818c097159c0c7e758e5b7a1a6af19de9d88e0cd8d4.jpeg","https://cdn-images-1.medium.com/max/800/1*qKqxB4zWvgYzg_dhBupprQ@2x.jpeg","26",,"False","False","False","False",""
"content/essays/the-national-flood-insurance-program.md","The National Flood Insurance Program","REVIEW_LEAD_OUTSIDE_HEURISTIC","First body image falls outside the lead-image heuristic.","/images/medium/the-national-flood-insurance-program/a17c72f621f83136e7fe24f2ac68620cb4f222aacfee7319a4fbfdb4051c1e1b.jpeg","/images/medium/the-national-flood-insurance-program/a17c72f621f83136e7fe24f2ac68620cb4f222aacfee7319a4fbfdb4051c1e1b.jpeg","https://cdn-images-1.medium.com/max/800/1*5Y3ytOaABnz16lwshw7uyw@2x.jpeg","18","8","False","False","False","False",""
"content/essays/the-new-meta-economy.md","The New Meta Economy","SKIPPED_CURRENT_HERO_WINS","Essay already has a non-placeholder hero.","/images/medium/the-new-meta-economy/bcb3e2d1414e3aa992a7e91e09e04b5d51c9948d0210d90268c473b870857999.jpg","/images/medium/the-new-meta-economy/bcb3e2d1414e3aa992a7e91e09e04b5d51c9948d0210d90268c473b870857999.jpg","https://cdn-images-1.medium.com/max/800/0*uQS3IzOgIlFnzCQu","16",,"False","False","False","False",""
"content/essays/the-political-economy-of-airports.md","The Political Economy of Airports","SKIPPED_NO_LEAD_CANDIDATE","No body image found.","/images/medium/the-political-economy-of-airports/03d81147c17634b1515b9c1a51b387d29d7c88fda18a07195e6bd5aa69fd593c.jpeg","/images/medium/the-political-economy-of-airports/03d81147c17634b1515b9c1a51b387d29d7c88fda18a07195e6bd5aa69fd593c.jpeg","",,,"False","False","False","False",""
"content/essays/the-privacy-paradox-why-americans-feel-powerless-over-their-personal-data.md","The Privacy Paradox: Why Americans Feel Powerless Over Their Personal Data","SKIPPED_CURRENT_HERO_WINS","Essay already has a non-placeholder hero.","/images/medium/the-privacy-paradox-why-americans-feel-powerless-over-their-personal-data/fde6a7eb2bba3033ba76dde29376f6135046b96a3618a20bdf0f9570f8b572d1.jpeg","/images/medium/the-privacy-paradox-why-americans-feel-powerless-over-their-personal-data/fde6a7eb2bba3033ba76dde29376f6135046b96a3618a20bdf0f9570f8b572d1.jpeg","https://cdn-images-1.medium.com/max/800/1*rYaGT-1laPdFk9ppydzXMw.jpeg","18",,"False","False","False","False",""
"content/essays/the-rise-fall-and-reemergence-of-the-r-word-why-is-it-trending-again.md","The Rise, Fall, and Reemergence of the R-Word: Why Is It “Okay” to say Retard Again?","SKIPPED_CURRENT_HERO_WINS","Essay already has a non-placeholder hero.","/images/medium/the-rise-fall-and-reemergence-of-the-r-word-why-is-it-trending-again/fe099402c1a1fc29b294f1e25ea4379ed77eb6714c46c3360b3e7ce863d35838.jpeg","/images/medium/the-rise-fall-and-reemergence-of-the-r-word-why-is-it-trending-again/fe099402c1a1fc29b294f1e25ea4379ed77eb6714c46c3360b3e7ce863d35838.jpeg","https://cdn-images-1.medium.com/max/800/1*S-r2VCWkfyt_Kzq5gHOo6Q@2x.jpeg","16",,"False","False","False","False",""
"content/essays/the-risk-management-buffet.md","The Risk Management Buffet","SKIPPED_CURRENT_HERO_WINS","Essay already has a non-placeholder hero.","/images/medium/the-risk-management-buffet/0e0afc0ee25fab12957c07b3073aff1d4c61f1883bb4eb35fbb7e5656e14b053.jpg","/images/medium/the-risk-management-buffet/0e0afc0ee25fab12957c07b3073aff1d4c61f1883bb4eb35fbb7e5656e14b053.jpg","https://cdn-images-1.medium.com/max/800/0*EfIdcroFUv6NHXh5","6","18","False","False","False","False",""
"content/essays/the-roi-of-caring.md","The ROI of Caring","SKIPPED_NO_LEAD_CANDIDATE","No body image found.","/images/medium/the-roi-of-caring/3d9c7e2c965f02f4865656d236d78d7ee750001dab77cedab7e8cb3c437e2639.jpeg","/images/medium/the-roi-of-caring/3d9c7e2c965f02f4865656d236d78d7ee750001dab77cedab7e8cb3c437e2639.jpeg","",,,"False","False","False","False",""
"content/essays/the-slow-way-is-the-fast-way.md","The Slow Way is the Fast Way","REVIEW_LEAD_OUTSIDE_HEURISTIC","First body image falls outside the lead-image heuristic.","/images/medium/the-slow-way-is-the-fast-way/f3fa7e6605d8194326ea09f55cf0eedc6b6ef10c8d44155f1e51a2644089872c.jpg","/images/medium/the-slow-way-is-the-fast-way/f3fa7e6605d8194326ea09f55cf0eedc6b6ef10c8d44155f1e51a2644089872c.jpg","https://cdn-images-1.medium.com/max/800/1*lAo0jpbvejnmq344_Nr9Dw@2x.jpeg","30",,"False","False","False","False",""
"content/essays/the-structure-of-modern-american-society.md","Wealth and Governance in Modern American Society","SKIPPED_NO_LEAD_CANDIDATE","No body image found.","/images/social/outside-in-print-default.png","/images/social/outside-in-print-default.png","",,"2","False","False","False","False",""
"content/essays/the-three-body-problem-a-sci-fi-epic-that-redefines-civilizations-place-in-the-universe.md","The Three-Body Problem: A Sci-Fi Epic That Redefines Civilization’s Place in the Universe","SKIPPED_CURRENT_HERO_WINS","Essay already has a non-placeholder hero.","/images/medium/the-three-body-problem-a-sci-fi-epic-that-redefines-civilizations-place-in-the-universe/16bb88fabf093eb157a47057f24b82ff13ee51dc67c7f5d89157c67bf668bb25.jpeg","/images/medium/the-three-body-problem-a-sci-fi-epic-that-redefines-civilizations-place-in-the-universe/16bb88fabf093eb157a47057f24b82ff13ee51dc67c7f5d89157c67bf668bb25.jpeg","https://cdn-images-1.medium.com/max/800/1*iovpGARz_U6IXCZ0lpFVdQ@2x.jpeg","12",,"False","False","False","False",""
"content/essays/the-three-enemies-of-positive-outcomes.md","The Three Enemies of Positive Outcomes","SKIPPED_NO_LEAD_CANDIDATE","No body image found.","/images/medium/the-three-enemies-of-positive-outcomes/502c9af7d38343926679b4000c07f7938a7bb2ffb2de34fd307939daa7c4523a.jpeg","/images/medium/the-three-enemies-of-positive-outcomes/502c9af7d38343926679b4000c07f7938a7bb2ffb2de34fd307939daa7c4523a.jpeg","",,,"False","False","False","False",""
"content/essays/the-undead-state.md","The Undead State","SKIPPED_NO_LEAD_CANDIDATE","No body image found.","/images/medium/the-undead-state/cbe459c20ee612506e5eb4167a56aa6042bb7ba8df8ac55426d583d0c7f10e53.jpeg","/images/medium/the-undead-state/cbe459c20ee612506e5eb4167a56aa6042bb7ba8df8ac55426d583d0c7f10e53.jpeg","",,,"False","False","False","False",""
"content/essays/the-waters-rising-what-the-data-really-says-about-extreme-weather.md","The Water’s Rising: What the Data Really Says About Extreme Weather","REVIEW_LEAD_OUTSIDE_HEURISTIC","First body image falls outside the lead-image heuristic.","","","https://cdn-images-1.medium.com/max/800/1*2kohAqkWabX8hYrMm6XyXw.png","147","32","False","False","False","False",""
"content/essays/the-world-is-back-at-the-poker-table.md","The World Is Back at the Poker Table","REVIEW_LEAD_OUTSIDE_HEURISTIC","First body image falls outside the lead-image heuristic.","/images/essays/the-world-is-back-at-the-poker-table/chips-in.png","/images/essays/the-world-is-back-at-the-poker-table/chips-in.png","/images/essays/the-world-is-back-at-the-poker-table/back-room-chips.png","54","12","False","False","False","False",""
"content/essays/the-world-the-un-was-built-for.md","The World the UN Was Built For","REVIEW_LEAD_OUTSIDE_HEURISTIC","First body image falls outside the lead-image heuristic.","/images/medium/the-world-the-un-was-built-for/cc8c8bffe2bc792723dbd459180973ed10ecd5475abadc1a558d3e26bb1ca050.png","/images/medium/the-world-the-un-was-built-for/cc8c8bffe2bc792723dbd459180973ed10ecd5475abadc1a558d3e26bb1ca050.png","https://cdn-images-1.medium.com/max/800/0*8odgxtxn9Xk2eo2f","37","18","False","False","False","False",""
"content/essays/tiktok-the-trojan-horse-of-global-influence.md","TikTok: The Trojan Horse of Global Influence","SKIPPED_NO_LEAD_CANDIDATE","No body image found.","/images/medium/tiktok-the-trojan-horse-of-global-influence/a8232adfa4bde25e8b21a4830b941a336b8d1f29f04e63649adb01d93e21d4c3.jpeg","/images/medium/tiktok-the-trojan-horse-of-global-influence/a8232adfa4bde25e8b21a4830b941a336b8d1f29f04e63649adb01d93e21d4c3.jpeg","",,"6","False","False","False","False",""
"content/essays/trumps-energy-revolution-fossil-fuels-climate-rollbacks-and-the-future-of-u-s-policy.md","Trump’s Energy Revolution: Fossil Fuels, Climate Rollbacks, and the Future of U.S. Policy","SKIPPED_CURRENT_HERO_WINS","Essay already has a non-placeholder hero.","/images/medium/trumps-energy-revolution-fossil-fuels-climate-rollbacks-and-the-future-of-u-s-policy/df7535a57eae77de0aacacac2f223a7240699ff20142644b6986d4bc4930898f.jpeg","/images/medium/trumps-energy-revolution-fossil-fuels-climate-rollbacks-and-the-future-of-u-s-policy/df7535a57eae77de0aacacac2f223a7240699ff20142644b6986d4bc4930898f.jpeg","https://cdn-images-1.medium.com/max/800/1*udGB0K3l6-9dStYEMqmCwg@2x.jpeg","12",,"False","False","False","False",""
"content/essays/u-s-russia-peace-talks.md","U.S.-Russia Peace Talks","SKIPPED_CURRENT_HERO_WINS","Essay already has a non-placeholder hero.","/images/medium/u-s-russia-peace-talks/41e06cd8fdffbd668544cdfd00c1323217c9093137ad432e16d5b80b32ad48df.jpeg","/images/medium/u-s-russia-peace-talks/41e06cd8fdffbd668544cdfd00c1323217c9093137ad432e16d5b80b32ad48df.jpeg","https://cdn-images-1.medium.com/max/800/1*pEgR74_65btuUvZBs-HsCw@2x.jpeg","4",,"False","False","False","False",""
"content/essays/u-s-shifts-ukraine-policy.md","U.S. Shifts Ukraine Policy","SKIPPED_NO_LEAD_CANDIDATE","No body image found.","/images/medium/u-s-shifts-ukraine-policy/3fa0cde399f43f2bae75fa7e0c43522b9a70ce47fcff3d8820cfc9b5c174a303.jpeg","/images/medium/u-s-shifts-ukraine-policy/3fa0cde399f43f2bae75fa7e0c43522b9a70ce47fcff3d8820cfc9b5c174a303.jpeg","",,,"False","False","False","False",""
"content/essays/uncertainty-is-not-a-technical-problem.md","Uncertainty Is Not a Technical Problem","SKIPPED_NO_LEAD_CANDIDATE","No body image found.","/images/medium/uncertainty-is-not-a-technical-problem/452fe328a00b3c6e1f69d11abb31908d90e0fe9f7ced69dc66c3a45b36a29515.jpeg","/images/medium/uncertainty-is-not-a-technical-problem/452fe328a00b3c6e1f69d11abb31908d90e0fe9f7ced69dc66c3a45b36a29515.jpeg","",,"26","False","False","False","False",""
"content/essays/uncrustables-the-billion-dollar-peanut-butter-empire.md","Uncrustables: The Billion-Dollar Peanut Butter Empire","SKIPPED_CURRENT_HERO_WINS","Essay already has a non-placeholder hero.","/images/medium/uncrustables-the-billion-dollar-peanut-butter-empire/fc80734f9875292b718dcdf753b8ee19fa6bfb010a7fa92750eb15755b49b296.jpeg","/images/medium/uncrustables-the-billion-dollar-peanut-butter-empire/fc80734f9875292b718dcdf753b8ee19fa6bfb010a7fa92750eb15755b49b296.jpeg","https://cdn-images-1.medium.com/max/800/1*N15R9kIRLqPrdXTw3YhViw@2x.jpeg","14",,"False","False","False","False",""
"content/essays/vice-president-jd-vance-announces-ai-powered-border-security-plan-in-texas.md","Vice President JD Vance Announces AI-Powered Border Security Plan in Texas","SKIPPED_NO_LEAD_CANDIDATE","No body image found.","/images/medium/vice-president-jd-vance-announces-ai-powered-border-security-plan-in-texas/bf25f1f0c9533475f927fab2deb266ed6ad2f8c778d215b925ee95e92648d690.jpeg","/images/medium/vice-president-jd-vance-announces-ai-powered-border-security-plan-in-texas/bf25f1f0c9533475f927fab2deb266ed6ad2f8c778d215b925ee95e92648d690.jpeg","",,,"False","False","False","False",""
"content/essays/what-happened-at-camp-mystic.md","What Happened at Camp Mystic?","REVIEW_LEAD_OUTSIDE_HEURISTIC","First body image falls outside the lead-image heuristic.","/images/medium/what-happened-at-camp-mystic/f9aa0d94b11672a7a6478a1488592d3b612bd493c11cc5ca238cfe5df34db0f4.png","/images/medium/what-happened-at-camp-mystic/f9aa0d94b11672a7a6478a1488592d3b612bd493c11cc5ca238cfe5df34db0f4.png","https://cdn-images-1.medium.com/max/800/1*fx2SfFS3E6BPsi7z65uuWg.png","60","32","False","False","False","False",""
"content/essays/what-i-learned-from-writing-100-essays-on-medium-in-2025.md","Writing 100 Essays on Medium","REVIEW_LEAD_OUTSIDE_HEURISTIC","First body image falls outside the lead-image heuristic.","/images/medium/what-i-learned-from-writing-100-essays-on-medium-in-2025/85db9a233bbe2b8ce8b37bf2cffb170d82db88760fa0ebb3fb2e14a0e881e798.png","/images/medium/what-i-learned-from-writing-100-essays-on-medium-in-2025/85db9a233bbe2b8ce8b37bf2cffb170d82db88760fa0ebb3fb2e14a0e881e798.png","https://cdn-images-1.medium.com/max/800/1*xtkBTl6UcTpHknHMumnK1g.png","45","27","False","False","False","False",""
"content/essays/what-is-risk-a-four-part-framework.md","What Is Risk? A Four-Part Framework","REVIEW_LEAD_OUTSIDE_HEURISTIC","First body image falls outside the lead-image heuristic.","/images/medium/what-is-risk-a-four-part-framework/c5d17c0978b1a86a5144dea14f43e6da15d3559347c45d71edd7d9a334e79ab2.jpeg","/images/medium/what-is-risk-a-four-part-framework/c5d17c0978b1a86a5144dea14f43e6da15d3559347c45d71edd7d9a334e79ab2.jpeg","https://cdn-images-1.medium.com/max/800/1*dBtWAf3dFNQrhSHjycm4CQ.png","42","5","False","False","False","False",""
"content/essays/who-is-pascal-siakam.md","Who Is Pascal Siakam?","REVIEW_LEAD_OUTSIDE_HEURISTIC","First body image falls outside the lead-image heuristic.","/images/medium/who-is-pascal-siakam/fc07487bf85147720fa1d0b703e5376e41a87a5c9317981a0237e4a15b0f8a68.jpeg","/images/medium/who-is-pascal-siakam/fc07487bf85147720fa1d0b703e5376e41a87a5c9317981a0237e4a15b0f8a68.jpeg","/images/medium/who-is-pascal-siakam/d4f3b8c59285252bb4007663892e623eba03ae3ed49b6c61eb9b57fcc5106af5.jpeg","16","14","False","False","False","False",""
"content/essays/whos-drinking-all-the-modelo.md","Who’s Drinking All the Modelo?","REVIEW_LEAD_OUTSIDE_HEURISTIC","First body image falls outside the lead-image heuristic.","/images/medium/whos-drinking-all-the-modelo/645c97bb67718c4a25f3e5346039652a55d3a68b8dcd233530934b530f8e41a4.jpg","/images/medium/whos-drinking-all-the-modelo/645c97bb67718c4a25f3e5346039652a55d3a68b8dcd233530934b530f8e41a4.jpg","https://cdn-images-1.medium.com/max/800/0*qC97rJHQTP_uYDbp","9","7","False","False","False","False",""
"content/essays/whos-really-funding-terror.md","Who’s Really Funding Terror?","SKIPPED_CURRENT_HERO_WINS","Essay already has a non-placeholder hero.","/images/medium/whos-really-funding-terror/f7c9bf9f76e3c75c9b18d4e0740bbe303406e81e801c0fb82a9a60efa0128223.jpg","/images/medium/whos-really-funding-terror/f7c9bf9f76e3c75c9b18d4e0740bbe303406e81e801c0fb82a9a60efa0128223.jpg","/images/medium/whos-really-funding-terror/e30a38e8e76db2b2db83590d4d4d2a3e74ac65c950419a48ba77545a1efadc76.png","11","15","False","False","False","False",""
"content/essays/whos-responsible-for-building-in-the-floodplain.md","Who’s Responsible for Building in the Floodplain?","REVIEW_LEAD_OUTSIDE_HEURISTIC","First body image falls outside the lead-image heuristic.","/images/medium/whos-responsible-for-building-in-the-floodplain/921f46f4d09c0c7ddcc7a9ad8642115e20fea0355d83ec02b6a06e1d9fe8f1ed.jpeg","/images/medium/whos-responsible-for-building-in-the-floodplain/921f46f4d09c0c7ddcc7a9ad8642115e20fea0355d83ec02b6a06e1d9fe8f1ed.jpeg","https://cdn-images-1.medium.com/max/800/1*s1YZ3DPZ-5fdxbGRHphSqQ@2x.jpeg","45","22","False","False","False","False",""
"content/essays/why-a-return-to-the-gold-standard-would-break-the-economy.md","Returning to the Gold Standard Will Break the Economy","REVIEW_LEAD_OUTSIDE_HEURISTIC","First body image falls outside the lead-image heuristic.","/images/medium/why-a-return-to-the-gold-standard-would-break-the-economy/b20b0f68d3f48fd5a5a22035ff5ff670094552486b74d98c6a1d5c3e71346552.jpeg","/images/medium/why-a-return-to-the-gold-standard-would-break-the-economy/b20b0f68d3f48fd5a5a22035ff5ff670094552486b74d98c6a1d5c3e71346552.jpeg","https://cdn-images-1.medium.com/max/800/1*k9DZ8Jad4LNnzqkr1UXedw@2x.jpeg","18","16","False","False","False","False",""
"content/essays/why-more-people-are-choosing-chilis-over-mcdonald-s-in-2025.md","Why More People Are Choosing Chili’s Over McDonald’s in 2025","REVIEW_LEAD_OUTSIDE_HEURISTIC","First body image falls outside the lead-image heuristic.","/images/medium/why-more-people-are-choosing-chilis-over-mcdonald-s-in-2025/04b2dcb77098c7f62348da1aab95730f03b92e9a41e694cdbafe3526e942b6cf.jpeg","/images/medium/why-more-people-are-choosing-chilis-over-mcdonald-s-in-2025/04b2dcb77098c7f62348da1aab95730f03b92e9a41e694cdbafe3526e942b6cf.jpeg","/images/medium/why-more-people-are-choosing-chilis-over-mcdonald-s-in-2025/faeba248f5c4b477b0279bce3e50a3e56ca29c1c3505b077b7c671397ec43d73.jpeg","33","2","False","False","False","False",""
"content/essays/why-oberfell-will-not-be-overturned.md","Why Obergefell will not be Overturned","REVIEW_LEAD_OUTSIDE_HEURISTIC","First body image falls outside the lead-image heuristic.","/images/medium/why-oberfell-will-not-be-overturned/642b3a0d97b101a5a53bac29390f2ee60d1274d06a06a073c3b77717181a160c.jpeg","/images/medium/why-oberfell-will-not-be-overturned/642b3a0d97b101a5a53bac29390f2ee60d1274d06a06a073c3b77717181a160c.jpeg","https://cdn-images-1.medium.com/max/800/1*981wmaaNYDSDykUicX-PqA@2x.jpeg","26",,"False","False","False","False",""
"content/essays/why-superintelligence-strategy-gets-ai-governance-wrong.md","Why Superintelligence Strategy Gets AI Governance Wrong","REVIEW_LEAD_OUTSIDE_HEURISTIC","First body image falls outside the lead-image heuristic.","/images/medium/why-superintelligence-strategy-gets-ai-governance-wrong/592a776fa55614bb3243e96906209f473062b1a05f10601d963ac0b4face73a7.jpeg","/images/medium/why-superintelligence-strategy-gets-ai-governance-wrong/592a776fa55614bb3243e96906209f473062b1a05f10601d963ac0b4face73a7.jpeg","https://cdn-images-1.medium.com/max/800/1*MFDq2UEpeLeIWnrq7WKZow@2x.jpeg","21",,"False","False","False","False",""
"content/essays/why-the-mexican-navy-ship-cuauhtc3a9moc-crashed-into-the-brooklyn-bridge-c9e21ab4b72e.md","Why did the Mexican Navy Ship Cuauhtémoc Crash Into the Brooklyn Bridge?","REVIEW_LEAD_OUTSIDE_HEURISTIC","First body image falls outside the lead-image heuristic.","","","/images/medium/why-the-mexican-navy-ship-cuauhtc3a9moc-crashed-into-the-brooklyn-bridge-c9e21ab4b72e/d4ac2578972d0ab429bdc550e9efe6207616d5d9f20255765c44440108966e92.jpeg","9","5","False","False","False","False",""
"content/essays/why-we-celebrate-memorial-day-origins-traditions-and-importance.md","Why Do We Celebrate Memorial Day? Origins, Traditions, and Importance","REVIEW_LEAD_OUTSIDE_HEURISTIC","First body image falls outside the lead-image heuristic.","/images/medium/why-we-celebrate-memorial-day-origins-traditions-and-importance/ff5282d7bd36ea86362477bec408be437387519e4fe6b73ee9caa9170a6d6b26.jpeg","/images/medium/why-we-celebrate-memorial-day-origins-traditions-and-importance/ff5282d7bd36ea86362477bec408be437387519e4fe6b73ee9caa9170a6d6b26.jpeg","/images/medium/why-we-celebrate-memorial-day-origins-traditions-and-importance/81bd4267541304d0e06fe38cb98b64e6da7a20bc3aeeb5930259fa7f804475e2.jpeg","21","5","False","False","False","False",""
"content/essays/you-cant-outrun-the-calculator.md","You Can’t Outrun the Calculator","SKIPPED_CURRENT_HERO_WINS","Essay already has a non-placeholder hero.","/images/medium/you-cant-outrun-the-calculator/664e2a13dae8e16d03f09387d1dd13a4883bf046dae2231f77b3ef1e5a38500a.jpg","/images/medium/you-cant-outrun-the-calculator/664e2a13dae8e16d03f09387d1dd13a4883bf046dae2231f77b3ef1e5a38500a.jpg","https://cdn-images-1.medium.com/max/800/0*-Xrt7U9FyfsFMeFK","8",,"False","False","False","False",""
"content/essays/you-paid-for-that-ct-scan.md","You Paid For That CT Scan.","SKIPPED_NO_LEAD_CANDIDATE","No body image found.","/images/medium/you-paid-for-that-ct-scan/c726f9cdfc914b7f1c2e01abf0819a58f23c143da6d5776a1527cd77b6690497.jpg","/images/medium/you-paid-for-that-ct-scan/c726f9cdfc914b7f1c2e01abf0819a58f23c143da6d5776a1527cd77b6690497.jpg","",,"13","False","False","False","False",""
