"slug","title","source_url","attempted_url","local_path","hash","sha256","width","height","status","reason","rejection_reason","caption","anchor","candidate_source","source_report","placement_method","placement_score","fallback_caption_used"
"6-reasons-redwall-is-a-timeless-classic","6 Reasons Redwall Is a Timeless Classic","https://cdn-images-1.medium.com/max/800/1*G8JHcb65GDYjffre1nbdMg@2x.jpeg","https://cdn-images-1.medium.com/max/800/1*G8JHcb65GDYjffre1nbdMg@2x.jpeg","","4271248be82b271445e30852312a06bfbd54c7d1ddb8205fa5328aa8215900d8","4271248be82b271445e30852312a06bfbd54c7d1ddb8205fa5328aa8215900d8","800","533","skipped","duplicate_existing_or_featured_image_hash","duplicate_existing_or_featured_image_hash","Photo by Jonas Jacobsson on Unsplash","","git_history","","","0","False"
"6-reasons-redwall-is-a-timeless-classic","6 Reasons Redwall Is a Timeless Classic","https://cdn-images-1.medium.com/max/800/1*FGYvs4LsEWA22wdEilYGQg@2x.jpeg","","","","","0","0","skipped","current_body_quota_met","current_body_quota_met","Photo by Mario La Pergola on Unsplash","### Conclusion: Why Redwall Endures","git_history","","","0","False"
"6-reasons-redwall-is-a-timeless-classic","6 Reasons Redwall Is a Timeless Classic","https://cdn-images-1.medium.com/max/800/1*RB97EL8QdBX5U3tRXsRy6w@2x.jpeg","https://cdn-images-1.medium.com/max/800/1*RB97EL8QdBX5U3tRXsRy6w@2x.jpeg","/images/medium/6-reasons-redwall-is-a-timeless-classic/b52aef273a9fc9c0340313d907efac2d0185612abddc3d4d3e89b4a412260c66.jpeg","b52aef273a9fc9c0340313d907efac2d0185612abddc3d4d3e89b4a412260c66","b52aef273a9fc9c0340313d907efac2d0185612abddc3d4d3e89b4a412260c66","800","533","inserted","","","Photo by Hannah Busing on Unsplash","### A Strong Sense of Community: Why Redwall Endures as a Classic Fantasy Novel","git_history","","section_order_fallback","0","False"
"6-reasons-redwall-is-a-timeless-classic","6 Reasons Redwall Is a Timeless Classic","https://cdn-images-1.medium.com/max/800/1*aPsbjX2DKOSNFPNN8z7pvA@2x.jpeg","https://cdn-images-1.medium.com/max/800/1*aPsbjX2DKOSNFPNN8z7pvA@2x.jpeg","/images/medium/6-reasons-redwall-is-a-timeless-classic/621063bb11996975b4fd27b4b1c84bab65b8d40f5551380e02b282dd1d49cde7.jpeg","621063bb11996975b4fd27b4b1c84bab65b8d40f5551380e02b282dd1d49cde7","621063bb11996975b4fd27b4b1c84bab65b8d40f5551380e02b282dd1d49cde7","800","533","inserted","","","Photo by Glen Carrie on Unsplash","### Vivid and Lyrical Writing: The Language of Redwall That Brings Its World to Life","git_history","","section_order_fallback","0","False"
"6-reasons-redwall-is-a-timeless-classic","6 Reasons Redwall Is a Timeless Classic","https://cdn-images-1.medium.com/max/800/1*fDUH9Fx2t4n4GYAmVoSlBQ@2x.jpeg","https://cdn-images-1.medium.com/max/800/1*fDUH9Fx2t4n4GYAmVoSlBQ@2x.jpeg","/images/medium/6-reasons-redwall-is-a-timeless-classic/287b7cc61fc4868e61eb3c53430870fb32e9df050b6aa1468645d997c240cbae.jpeg","287b7cc61fc4868e61eb3c53430870fb32e9df050b6aa1468645d997c240cbae","287b7cc61fc4868e61eb3c53430870fb32e9df050b6aa1468645d997c240cbae","800","985","inserted","","","Photo by Elena Mozhvilo on Unsplash","### A Clear but Complex Morality: How Redwall Explores Right and Wrong","git_history","","section_order_fallback","0","False"
"6-reasons-redwall-is-a-timeless-classic","6 Reasons Redwall Is a Timeless Classic","https://cdn-images-1.medium.com/max/800/1*3hG7PldGuBvZ1-7M9Ah_ZA@2x.jpeg","https://cdn-images-1.medium.com/max/800/1*3hG7PldGuBvZ1-7M9Ah_ZA@2x.jpeg","/images/medium/6-reasons-redwall-is-a-timeless-classic/14abd852c5edd58b5d03b8e558835e9a3701d6307d564a16de0fd6b54565cc78.jpeg","14abd852c5edd58b5d03b8e558835e9a3701d6307d564a16de0fd6b54565cc78","14abd852c5edd58b5d03b8e558835e9a3701d6307d564a16de0fd6b54565cc78","800","533","inserted","","","Photo by Terry Tran on Unsplash","### A Compelling Villain: Cluny the Scourge and Why Redwall’s Antagonists Stand Out","git_history","","section_order_fallback","0","False"
"6-reasons-redwall-is-a-timeless-classic","6 Reasons Redwall Is a Timeless Classic","https://cdn-images-1.medium.com/max/800/1*dSRoOZrMhZIYL6PgMAA1EQ@2x.jpeg","https://cdn-images-1.medium.com/max/800/1*dSRoOZrMhZIYL6PgMAA1EQ@2x.jpeg","/images/medium/6-reasons-redwall-is-a-timeless-classic/208e789e482ae2d870d1b120c3e8f269768eb27814d9063a67159011f4d69921.jpeg","208e789e482ae2d870d1b120c3e8f269768eb27814d9063a67159011f4d69921","208e789e482ae2d870d1b120c3e8f269768eb27814d9063a67159011f4d69921","800","533","inserted","","","Photo by Ricardo Cruz on Unsplash","### A Hero’s Journey That Feels Earned: Why Matthias Is One of Fantasy’s Best Protagonists","git_history","","section_order_fallback","0","False"
"6-reasons-redwall-is-a-timeless-classic","6 Reasons Redwall Is a Timeless Classic","https://cdn-images-1.medium.com/max/800/1*sBGu46bvmRAY2c2TlI6nIA@2x.jpeg","https://cdn-images-1.medium.com/max/800/1*sBGu46bvmRAY2c2TlI6nIA@2x.jpeg","/images/medium/6-reasons-redwall-is-a-timeless-classic/1cc9b0d15d63a7509c9534714e9c67c66d67c8040a10b3e45287a5753b5da20e.jpeg","1cc9b0d15d63a7509c9534714e9c67c66d67c8040a10b3e45287a5753b5da20e","1cc9b0d15d63a7509c9534714e9c67c66d67c8040a10b3e45287a5753b5da20e","800","1200","inserted","","","Photo by Brooke Lark on Unsplash","### Immersive World-Building: How Redwall Creates a Fantasy Worth Revisiting","git_history","","section_order_fallback","0","False"
"declaring-equality","Declaring Equality?","https://cdn-images-1.medium.com/max/800/1*OCK_rXXX8EVISAlZKTGAjw@2x.jpeg","https://cdn-images-1.medium.com/max/800/1*OCK_rXXX8EVISAlZKTGAjw@2x.jpeg","","36a21b68974f610407cb4fd9666bdeecd27ab9e1b48d614f50114a4aa8344c3d","36a21b68974f610407cb4fd9666bdeecd27ab9e1b48d614f50114a4aa8344c3d","800","457","skipped","duplicate_existing_or_featured_image_hash","duplicate_existing_or_featured_image_hash","Image Generated by Author from Chat GPT","","git_history","","","0","False"
"deepseek-lean-ai-disrupts-americas-compute-heavy-tech-giants","DeepSeek: Lean AI Disrupts America’s Compute-Heavy Tech Giants","https://cdn-images-1.medium.com/max/800/1*vck7W_90Lcy-BQT_yX7y7g@2x.jpeg","https://cdn-images-1.medium.com/max/800/1*vck7W_90Lcy-BQT_yX7y7g@2x.jpeg","","bd004c2ef628161dabf422814a612a5ec128b8ab922e1e9015faea0e3ae8ef49","bd004c2ef628161dabf422814a612a5ec128b8ab922e1e9015faea0e3ae8ef49","800","800","skipped","duplicate_existing_or_featured_image_hash","duplicate_existing_or_featured_image_hash","Created using Chat GPT in January, 2025.","","git_history","","","0","False"
"deference-lost","Deference Lost","https://cdn-images-1.medium.com/max/800/1*FE5E-HBoK9qh51ZDS3KhKw@2x.jpeg","https://cdn-images-1.medium.com/max/800/1*FE5E-HBoK9qh51ZDS3KhKw@2x.jpeg","","bbbe329f954f57ca95f2047e2220acfaf756fdf4499e35bf9a4e736166663dc0","bbbe329f954f57ca95f2047e2220acfaf756fdf4499e35bf9a4e736166663dc0","800","800","skipped","duplicate_existing_or_featured_image_hash","duplicate_existing_or_featured_image_hash","Made in ChatGPT, February 2025.","","git_history","","","0","False"
"how-did-mother-become-a-controversial-word-in-america","How did “Mother” Become a Controversial Word in America?","https://cdn-images-1.medium.com/max/800/1*Gygd582a5T1240JTiEj1Vw@2x.jpeg","","","","","0","0","rejected","missing_caption_or_provenance","missing_caption_or_provenance","","","git_history","","","0","False"
"how-did-mother-become-a-controversial-word-in-america","How did “Mother” Become a Controversial Word in America?","https://cdn-images-1.medium.com/max/800/1*j_p9PbZZDUlhS3gkvfHecw@2x.jpeg","","","","","0","0","rejected","missing_caption_or_provenance","missing_caption_or_provenance","","#### Motherhood as Medical Reality in Early Obstetrics","git_history","","","0","False"
"how-did-mother-become-a-controversial-word-in-america","How did “Mother” Become a Controversial Word in America?","https://cdn-images-1.medium.com/max/800/1*y4t10TE99FzJeOSYeHBGXg.png","","","","","0","0","rejected","missing_caption_or_provenance","missing_caption_or_provenance","","#### From Maternal Health to “Birthing Person” ~ The Medical Language Shift","git_history","","","0","False"
"how-senate-republicans-handle-trumps-ukraine-rhetoric-without-losing-maga-support","How Senate Republicans Handle Trump’s Ukraine Rhetoric Without Losing MAGA Support","https://cdn-images-1.medium.com/max/800/1*62Vbq7VGbj_5Kmzp7omTlg@2x.jpeg","https://cdn-images-1.medium.com/max/800/1*62Vbq7VGbj_5Kmzp7omTlg@2x.jpeg","","ce382abf9ec021d17148a74955d2b713c913ccc400d3c6f8cf5f2d90ace5ef7d","ce382abf9ec021d17148a74955d2b713c913ccc400d3c6f8cf5f2d90ace5ef7d","800","531","skipped","duplicate_existing_or_featured_image_hash","duplicate_existing_or_featured_image_hash","Photo by Chad Stembridge on Unsplash","","git_history","","","0","False"
"how-senate-republicans-handle-trumps-ukraine-rhetoric-without-losing-maga-support","How Senate Republicans Handle Trump’s Ukraine Rhetoric Without Losing MAGA Support","https://cdn-images-1.medium.com/max/800/1*psEGfuXpp4stkq6ng0V1yw@2x.jpeg","https://cdn-images-1.medium.com/max/800/1*psEGfuXpp4stkq6ng0V1yw@2x.jpeg","/images/medium/how-senate-republicans-handle-trumps-ukraine-rhetoric-without-losing-maga-support/d517419a955cdb6b4ab9b3873ee4d109e72cfd0319960b4adf8c49f4bbc4a3ce.jpeg","d517419a955cdb6b4ab9b3873ee4d109e72cfd0319960b4adf8c49f4bbc4a3ce","d517419a955cdb6b4ab9b3873ee4d109e72cfd0319960b4adf8c49f4bbc4a3ce","800","533","inserted","","","Photo by Markus Winkler on Unsplash","Conclusion — Hedging Their Bets","git_history","","section_order_fallback","0","False"
"how-senate-republicans-handle-trumps-ukraine-rhetoric-without-losing-maga-support","How Senate Republicans Handle Trump’s Ukraine Rhetoric Without Losing MAGA Support","https://cdn-images-1.medium.com/max/800/1*hSm19Xy21-f3haPBICsRyQ@2x.jpeg","https://cdn-images-1.medium.com/max/800/1*hSm19Xy21-f3haPBICsRyQ@2x.jpeg","/images/medium/how-senate-republicans-handle-trumps-ukraine-rhetoric-without-losing-maga-support/2170365735c77015f69068a9828d828ec4a0ed230e310cd38208222032016813.jpeg","2170365735c77015f69068a9828d828ec4a0ed230e310cd38208222032016813","2170365735c77015f69068a9828d828ec4a0ed230e310cd38208222032016813","800","532","inserted","","","Photo by Bozhin Karaivanov on Unsplash","The Political Calculus of GOP Lawmakers","git_history","","section_order_fallback","0","False"
"how-senate-republicans-handle-trumps-ukraine-rhetoric-without-losing-maga-support","How Senate Republicans Handle Trump’s Ukraine Rhetoric Without Losing MAGA Support","https://cdn-images-1.medium.com/max/800/1*Pqp3BB7ttMpuRrXXl88lNQ@2x.jpeg","https://cdn-images-1.medium.com/max/800/1*Pqp3BB7ttMpuRrXXl88lNQ@2x.jpeg","/images/medium/how-senate-republicans-handle-trumps-ukraine-rhetoric-without-losing-maga-support/5744b33e355d56c9410af9acb253d67e02211ebab2e970f849f70f895bf6ec92.jpeg","5744b33e355d56c9410af9acb253d67e02211ebab2e970f849f70f895bf6ec92","5744b33e355d56c9410af9acb253d67e02211ebab2e970f849f70f895bf6ec92","800","533","inserted","","","Photo by Christophe Hautier on Unsplash","The Fine Line of GOP Messaging on Ukraine","git_history","","fuzzy_heading","0.65","False"
"is-doge-legal","Is DOGE Legal?","https://cdn-images-1.medium.com/max/800/1*xV-bj-bvHTq5QjclxFhjjw@2x.jpeg","https://cdn-images-1.medium.com/max/800/1*xV-bj-bvHTq5QjclxFhjjw@2x.jpeg","","10ffd90e9af53ac34383d3682567157a1cd9f31053fe0456e16e2f7ee243bb24","10ffd90e9af53ac34383d3682567157a1cd9f31053fe0456e16e2f7ee243bb24","800","800","skipped","duplicate_existing_or_featured_image_hash","duplicate_existing_or_featured_image_hash","^Made using ChatGPT, February 2025.","","git_history","","","0","False"
"is-doge-legal","Is DOGE Legal?","https://cdn-images-1.medium.com/max/800/1*alXlp3OlaOA6BPRyptmIeg@2x.jpeg","https://cdn-images-1.medium.com/max/800/1*alXlp3OlaOA6BPRyptmIeg@2x.jpeg","/images/medium/is-doge-legal/3208645cf2b4501ef6629cebe2d3118acc6d3aefafe5da074f4bb5025e2ed8bb.jpeg","3208645cf2b4501ef6629cebe2d3118acc6d3aefafe5da074f4bb5025e2ed8bb","3208645cf2b4501ef6629cebe2d3118acc6d3aefafe5da074f4bb5025e2ed8bb","800","800","inserted","","","^Made using ChatGPT, February 2025.","Conclusion: DOGE’s Legality Hangs in the Balance","git_history","","exact_previous_text","1","False"
"is-doge-legal","Is DOGE Legal?","https://cdn-images-1.medium.com/max/800/1*l2s_tVOnn7YyoiLtdxFCJg@2x.jpeg","https://cdn-images-1.medium.com/max/800/1*l2s_tVOnn7YyoiLtdxFCJg@2x.jpeg","/images/medium/is-doge-legal/57094fc3b48685946a22b7ed153f80ed26838585b0889001a2e6fcc3d440a22e.jpeg","57094fc3b48685946a22b7ed153f80ed26838585b0889001a2e6fcc3d440a22e","57094fc3b48685946a22b7ed153f80ed26838585b0889001a2e6fcc3d440a22e","800","800","inserted","","","^Made using ChatGPT, February 2025.","Legal Precedents: How Past Supreme Court Rulings May Shape DOGE’s Fate","git_history","","exact_previous_text","1","False"
"is-doge-legal","Is DOGE Legal?","https://cdn-images-1.medium.com/max/800/1*7qozmPFESBlwe8GGK1pBXw@2x.jpeg","https://cdn-images-1.medium.com/max/800/1*7qozmPFESBlwe8GGK1pBXw@2x.jpeg","/images/medium/is-doge-legal/10b1c7b46535559a1db55235ed5b8fcaf86191152000c369edc06819eb6c84b6.jpeg","10b1c7b46535559a1db55235ed5b8fcaf86191152000c369edc06819eb6c84b6","10b1c7b46535559a1db55235ed5b8fcaf86191152000c369edc06819eb6c84b6","800","800","inserted","","","^Made using ChatGPT, February 2025.","The Lawsuits Against DOGE: What Happens Next?","git_history","","exact_previous_text","1","False"
"is-doge-legal","Is DOGE Legal?","https://cdn-images-1.medium.com/max/800/1*3IfLN-nFnmBiZ3vnshhsfA@2x.jpeg","https://cdn-images-1.medium.com/max/800/1*3IfLN-nFnmBiZ3vnshhsfA@2x.jpeg","/images/medium/is-doge-legal/e723d4f00340bad5655b721481042fadd90210bc9973097d521afd3249b446e6.jpeg","e723d4f00340bad5655b721481042fadd90210bc9973097d521afd3249b446e6","e723d4f00340bad5655b721481042fadd90210bc9973097d521afd3249b446e6","800","800","inserted","","","^Made using ChatGPT, February 2025.","The 119th Congress: A Republican Majority with Growing Fractures","git_history","","exact_previous_text","1","False"
"is-doge-legal","Is DOGE Legal?","https://cdn-images-1.medium.com/max/800/1*qYyj9klbVQ0x7f8TB01IIA@2x.jpeg","https://cdn-images-1.medium.com/max/800/1*qYyj9klbVQ0x7f8TB01IIA@2x.jpeg","/images/medium/is-doge-legal/6908e38a972a0549b2886b0d8fe1762db912286d3cc2f41eabb0abc4bfb3b3df.jpeg","6908e38a972a0549b2886b0d8fe1762db912286d3cc2f41eabb0abc4bfb3b3df","6908e38a972a0549b2886b0d8fe1762db912286d3cc2f41eabb0abc4bfb3b3df","800","800","inserted","","","^Made using ChatGPT, February 2025.","DOGE’s Access to the U.S. Treasury: A Privacy Violation?","git_history","","exact_previous_text","1","False"
"is-doge-legal","Is DOGE Legal?","https://cdn-images-1.medium.com/max/800/1*Pr6z6VoWkOjU7stuatVSBQ@2x.jpeg","https://cdn-images-1.medium.com/max/800/1*Pr6z6VoWkOjU7stuatVSBQ@2x.jpeg","/images/medium/is-doge-legal/8720760bee969f4bc2f540e9e4b170cd8a0ab9d90371c82344dd5562dc5a44e9.jpeg","8720760bee969f4bc2f540e9e4b170cd8a0ab9d90371c82344dd5562dc5a44e9","8720760bee969f4bc2f540e9e4b170cd8a0ab9d90371c82344dd5562dc5a44e9","800","800","inserted","","","^Made using ChatGPT, February 2025.","Can DOGE Legally Shut Down Agencies Like USAID?","git_history","","exact_previous_text","1","False"
"is-trump-seriously-asking-for-ukraines-mineral-rights-or-is-this-just-a-distraction","Is Trump Seriously Asking for Ukraine’s Mineral Rights — Or Is This Just a Distraction?","https://cdn-images-1.medium.com/max/800/1*HpzYrmZu2lo3xkEf5uMHnw@2x.jpeg","https://cdn-images-1.medium.com/max/800/1*HpzYrmZu2lo3xkEf5uMHnw@2x.jpeg","","ddf0698b8bfddfca59454408fb47a4e29df1578c33e821d6083ab9e6d85458f5","ddf0698b8bfddfca59454408fb47a4e29df1578c33e821d6083ab9e6d85458f5","800","500","skipped","duplicate_existing_or_featured_image_hash","duplicate_existing_or_featured_image_hash","Photo by Glib Albovsky on Unsplash","","git_history","","","0","False"
"is-trump-seriously-asking-for-ukraines-mineral-rights-or-is-this-just-a-distraction","Is Trump Seriously Asking for Ukraine’s Mineral Rights — Or Is This Just a Distraction?","https://cdn-images-1.medium.com/max/800/1*oJSjbNskr7LUTIkWXVZL8w@2x.jpeg","","","","","0","0","rejected","missing_caption_or_provenance","missing_caption_or_provenance","","But Ukraine is at war, and many deposits are in Russian-occupied areas.","git_history","","","0","False"
"is-trump-seriously-asking-for-ukraines-mineral-rights-or-is-this-just-a-distraction","Is Trump Seriously Asking for Ukraine’s Mineral Rights — Or Is This Just a Distraction?","https://cdn-images-1.medium.com/max/800/1*t7abqlMVSuFnb0PCO4Xv_Q@2x.jpeg","https://cdn-images-1.medium.com/max/800/1*t7abqlMVSuFnb0PCO4Xv_Q@2x.jpeg","/images/medium/is-trump-seriously-asking-for-ukraines-mineral-rights-or-is-this-just-a-distraction/653bc960a37dfef05b314b85c8e67b91da1ab5a61c6918262a82cb7c9c4d28b3.jpeg","653bc960a37dfef05b314b85c8e67b91da1ab5a61c6918262a82cb7c9c4d28b3","653bc960a37dfef05b314b85c8e67b91da1ab5a61c6918262a82cb7c9c4d28b3","800","566","inserted","","","Photo by benjamin lehman on Unsplash","Conclusion: A Test of America’s Intentions","git_history","","section_order_fallback","0","False"
"is-trump-seriously-asking-for-ukraines-mineral-rights-or-is-this-just-a-distraction","Is Trump Seriously Asking for Ukraine’s Mineral Rights — Or Is This Just a Distraction?","https://cdn-images-1.medium.com/max/800/1*u8l6AZ4MnhH2RP0wHXUuQQ@2x.jpeg","https://cdn-images-1.medium.com/max/800/1*u8l6AZ4MnhH2RP0wHXUuQQ@2x.jpeg","/images/medium/is-trump-seriously-asking-for-ukraines-mineral-rights-or-is-this-just-a-distraction/a5d91c2f10656ad8b061e2f2ef3e8e3db87c3cd826e8489fc6ca2ae0102404a2.jpeg","a5d91c2f10656ad8b061e2f2ef3e8e3db87c3cd826e8489fc6ca2ae0102404a2","a5d91c2f10656ad8b061e2f2ef3e8e3db87c3cd826e8489fc6ca2ae0102404a2","800","561","inserted","","","Photo by Afif Ramdhasuma on Unsplash","A Deal That Could Ease Tensions Between Trump and Zelensky","git_history","","section_order_fallback","0","False"
"is-trump-seriously-asking-for-ukraines-mineral-rights-or-is-this-just-a-distraction","Is Trump Seriously Asking for Ukraine’s Mineral Rights — Or Is This Just a Distraction?","https://cdn-images-1.medium.com/max/800/1*jAK6Nm-MBD978dQMRdzVXA@2x.jpeg","https://cdn-images-1.medium.com/max/800/1*jAK6Nm-MBD978dQMRdzVXA@2x.jpeg","/images/medium/is-trump-seriously-asking-for-ukraines-mineral-rights-or-is-this-just-a-distraction/670bb53e500e6fa94c2fe80a2a7e44dfda2449fb4f74f1332a7c0e06785a12eb.jpeg","670bb53e500e6fa94c2fe80a2a7e44dfda2449fb4f74f1332a7c0e06785a12eb","670bb53e500e6fa94c2fe80a2a7e44dfda2449fb4f74f1332a7c0e06785a12eb","800","1065","inserted","","","Photo by Julius Drost on Unsplash","Trump is a Master Manipulator","git_history","","section_order_fallback","0","False"
"is-trump-seriously-asking-for-ukraines-mineral-rights-or-is-this-just-a-distraction","Is Trump Seriously Asking for Ukraine’s Mineral Rights — Or Is This Just a Distraction?","https://cdn-images-1.medium.com/max/800/1*PDLd0Ood0TdQMQn4fztACA@2x.jpeg","https://cdn-images-1.medium.com/max/800/1*PDLd0Ood0TdQMQn4fztACA@2x.jpeg","/images/medium/is-trump-seriously-asking-for-ukraines-mineral-rights-or-is-this-just-a-distraction/bd5d90f89c4153c304c7017f382d4fad7d840f0b52087a7e621a052a16fbdfee.jpeg","bd5d90f89c4153c304c7017f382d4fad7d840f0b52087a7e621a052a16fbdfee","bd5d90f89c4153c304c7017f382d4fad7d840f0b52087a7e621a052a16fbdfee","800","533","inserted","","","Photo by History in HD on Unsplash","Trump’s Own Words: Does He Even Want to Protect Ukraine?","git_history","","section_order_fallback","0","False"
"is-trump-seriously-asking-for-ukraines-mineral-rights-or-is-this-just-a-distraction","Is Trump Seriously Asking for Ukraine’s Mineral Rights — Or Is This Just a Distraction?","https://cdn-images-1.medium.com/max/800/1*avJ8WSppwf_HB5FlHoFGag@2x.jpeg","https://cdn-images-1.medium.com/max/800/1*avJ8WSppwf_HB5FlHoFGag@2x.jpeg","/images/medium/is-trump-seriously-asking-for-ukraines-mineral-rights-or-is-this-just-a-distraction/a571105b88a46943e83afd6cc8099a90d2fb6bc877ac92890be59079887ed98d.jpeg","a571105b88a46943e83afd6cc8099a90d2fb6bc877ac92890be59079887ed98d","a571105b88a46943e83afd6cc8099a90d2fb6bc877ac92890be59079887ed98d","800","530","inserted","","","Photo by Pedro Henrique Santos on Unsplash","Why Ukraine’s Minerals Matter to the U.S.","git_history","","fuzzy_heading","1","False"
"is-trump-seriously-asking-for-ukraines-mineral-rights-or-is-this-just-a-distraction","Is Trump Seriously Asking for Ukraine’s Mineral Rights — Or Is This Just a Distraction?","https://cdn-images-1.medium.com/max/800/1*ZTl6bCIdX9qdwTHcwBLJ7w@2x.jpeg","https://cdn-images-1.medium.com/max/800/1*ZTl6bCIdX9qdwTHcwBLJ7w@2x.jpeg","/images/medium/is-trump-seriously-asking-for-ukraines-mineral-rights-or-is-this-just-a-distraction/a97593849e9ffc938474ed69a1c16889e21b85b94cc374b5ac5bf1d89ea83f13.jpeg","a97593849e9ffc938474ed69a1c16889e21b85b94cc374b5ac5bf1d89ea83f13","a97593849e9ffc938474ed69a1c16889e21b85b94cc374b5ac5bf1d89ea83f13","800","533","inserted","","","Photo by Visit Greenland on Unsplash","The Greenland Playbook: A Pattern of Resource-Driven Deals","git_history","","section_order_fallback","0","False"
"june-27-2025-scotus-set-to-close-its-term-with-major-decisions","June 27, 2025 — SCOTUS Set to Close Its Term with Major Decisions","https://cdn-images-1.medium.com/max/800/1*MPK6nTbeALcKmeOyD4i-gw.png","","","","","0","0","rejected","missing_caption_or_provenance","missing_caption_or_provenance","","","git_history","","","0","False"
"life-is-a-bull-market","Life Is a Bull Market","https://cdn-images-1.medium.com/max/800/1*1ibbdO6E5h1l8qqEFQDSPg@2x.jpeg","","","","","0","0","rejected","missing_caption_or_provenance","missing_caption_or_provenance","","","git_history","","","0","False"
"life-is-a-bull-market","Life Is a Bull Market","https://cdn-images-1.medium.com/max/800/1*mHxN-rEGGixumWP62rOm3g@2x.jpeg","","","","","0","0","rejected","missing_caption_or_provenance","missing_caption_or_provenance","","### Human capital never stops compounding","git_history","","","0","False"
"life-is-a-bull-market","Life Is a Bull Market","https://cdn-images-1.medium.com/max/800/1*1giorNpjt9JERAT0x_6mQQ@2x.jpeg","","","","","0","0","rejected","missing_caption_or_provenance","missing_caption_or_provenance","","### Long-term optimism without denial","git_history","","","0","False"
"make-fighter-jets-great-again-introducing-the-f-47","Make Fighter Jets Great Again: Introducing the F-47","https://cdn-images-1.medium.com/max/800/1*7l9aPri3lcuoqmRjXKmL8w@2x.jpeg","","","","","0","0","rejected","missing_caption_or_provenance","missing_caption_or_provenance","","","git_history","","","0","False"
"make-fighter-jets-great-again-introducing-the-f-47","Make Fighter Jets Great Again: Introducing the F-47","https://cdn-images-1.medium.com/max/800/1*cB6V2VkB1zb_vJR9yUf9RQ@2x.jpeg","","","","","0","0","rejected","missing_caption_or_provenance","missing_caption_or_provenance","","“Nothing in the world comes even close to it, and it’ll be known as the F-47,” Trump announced from the Oval Office, flanked by Defense Secretary Pete Hegseth and Air Force Chief Gen. David Allvin.Unveiling the F-47: A Sixth-Generation Powerhouse","git_history","","","0","False"
"make-fighter-jets-great-again-introducing-the-f-47","Make Fighter Jets Great Again: Introducing the F-47","https://cdn-images-1.medium.com/max/800/1*ItwxxSynp8aCyLHASfgKLg@2x.jpeg","","","","","0","0","rejected","missing_caption_or_provenance","missing_caption_or_provenance","","“We recognize the importance of designing, building and delivering a 6th-generation fighter capability for the United States Air Force,” said Steve Parker, interim president and CEO of Boeing Defense. “In preparation for this mission, we made the most significant investment in the history of our defense business.”Next-Level Tech: Stealth, Speed, and AI Integration","git_history","","","0","False"
"make-fighter-jets-great-again-introducing-the-f-47","Make Fighter Jets Great Again: Introducing the F-47","https://cdn-images-1.medium.com/max/800/1*-eST_u9vJtl6X72HvNm_Ow@2x.jpeg","https://cdn-images-1.medium.com/max/800/1*-eST_u9vJtl6X72HvNm_Ow@2x.jpeg","/images/medium/make-fighter-jets-great-again-introducing-the-f-47/3842e8bc5bac8d88347df71b2f8a346c6f34e83c20fa6c126a44812741532b89.jpeg","3842e8bc5bac8d88347df71b2f8a346c6f34e83c20fa6c126a44812741532b89","3842e8bc5bac8d88347df71b2f8a346c6f34e83c20fa6c126a44812741532b89","800","536","inserted","","","Photo by Anukrati Omar on Unsplash","“They’ve already built much of what has to be built in terms of production,” he said, referencing new manufacturing “sheds.”The Legacy Jet: Built to Dominate — and Be Remembered","git_history","","section_order_fallback","0","False"
"make-fighter-jets-great-again-introducing-the-f-47","Make Fighter Jets Great Again: Introducing the F-47","https://cdn-images-1.medium.com/max/800/1*hv6l028F_n9ITpZ4vCTsCQ@2x.jpeg","https://cdn-images-1.medium.com/max/800/1*hv6l028F_n9ITpZ4vCTsCQ@2x.jpeg","/images/medium/make-fighter-jets-great-again-introducing-the-f-47/15d2bc5b1ff43d21d0f50475d7bd63eafd80e823a451eddb6799182896302d0d.jpeg","15d2bc5b1ff43d21d0f50475d7bd63eafd80e823a451eddb6799182896302d0d","15d2bc5b1ff43d21d0f50475d7bd63eafd80e823a451eddb6799182896302d0d","800","533","inserted","","","Photo by Emiel Molenaar on Unsplash","“A monumental leap forward in securing America’s air superiority for decades to come… With the F-47, we are not just building another fighter — we are shaping the future of warfare and putting our enemies on notice.”Price Tag and Production: What Will the F-47 Cost?","git_history","","section_order_fallback","0","False"
"make-fighter-jets-great-again-introducing-the-f-47","Make Fighter Jets Great Again: Introducing the F-47","https://cdn-images-1.medium.com/max/800/1*_yDVTAzDzNfGMmZ_n0nWMQ@2x.jpeg","https://cdn-images-1.medium.com/max/800/1*_yDVTAzDzNfGMmZ_n0nWMQ@2x.jpeg","/images/medium/make-fighter-jets-great-again-introducing-the-f-47/6219d51d1b94a46004cd1de9e6fb7af86cdef714bdc2bd0fad740afbda5ff70e.jpeg","6219d51d1b94a46004cd1de9e6fb7af86cdef714bdc2bd0fad740afbda5ff70e","6219d51d1b94a46004cd1de9e6fb7af86cdef714bdc2bd0fad740afbda5ff70e","800","533","inserted","","","Photo by Felix Mittermeier on Unsplash","Air Superiority Reimagined: What the F-47 Means for U.S. Strategy","git_history","","section_order_fallback","0","False"
"mcdonalds-faces-week-long-boycott-june-24-2025","McDonald’s Faces Week‑Long Boycott","https://cdn-images-1.medium.com/max/800/1*KotasVf4jnm8gkEmpm9AJw.png","https://cdn-images-1.medium.com/max/800/1*KotasVf4jnm8gkEmpm9AJw.png","","749ee55ce9ab60c1fcd9c08c9a18005323d61e7da148e1fbcf4e8ef3daf13794","749ee55ce9ab60c1fcd9c08c9a18005323d61e7da148e1fbcf4e8ef3daf13794","800","533","skipped","duplicate_existing_or_featured_image_hash","duplicate_existing_or_featured_image_hash","*Created by Author with ChatGPT*","","git_history","","","0","False"
"mcdonalds-faces-week-long-boycott-june-24-2025","McDonald’s Faces Week‑Long Boycott","https://cdn-images-1.medium.com/max/800/1*jy1gvcUYMqVPyRs1TSXvJA.png","","","","","0","0","rejected","missing_caption_or_provenance","missing_caption_or_provenance","","### June 2025: How Did We Get Here?","git_history","","","0","False"
"mcdonalds-faces-week-long-boycott-june-24-2025","McDonald’s Faces Week‑Long Boycott","https://cdn-images-1.medium.com/max/800/1*FX-AXGiTuyHBlJtU4Pex1g.png","https://cdn-images-1.medium.com/max/800/1*FX-AXGiTuyHBlJtU4Pex1g.png","/images/medium/mcdonalds-faces-week-long-boycott-june-24-2025/d6b3a7394b6883ceeb4b5ff9cc7b775a30cd1dcab75999818ee1ff1b0e735f89.png","d6b3a7394b6883ceeb4b5ff9cc7b775a30cd1dcab75999818ee1ff1b0e735f89","d6b3a7394b6883ceeb4b5ff9cc7b775a30cd1dcab75999818ee1ff1b0e735f89","800","1200","inserted","","","*Created by Author with ChatGPT*","### Why It Matters","git_history","","section_order_fallback","0","False"
"mcdonalds-faces-week-long-boycott-june-24-2025","McDonald’s Faces Week‑Long Boycott","https://cdn-images-1.medium.com/max/800/1*IU115Da3az3hnov9rU9Lcg.png","https://cdn-images-1.medium.com/max/800/1*IU115Da3az3hnov9rU9Lcg.png","/images/medium/mcdonalds-faces-week-long-boycott-june-24-2025/f4b292028370a2cbfdaaa85746c2a27aa0c34975f31b8064779f9d20e694af59.png","f4b292028370a2cbfdaaa85746c2a27aa0c34975f31b8064779f9d20e694af59","f4b292028370a2cbfdaaa85746c2a27aa0c34975f31b8064779f9d20e694af59","800","1200","inserted","","","*Created by Author with ChatGPT*","### A Brief History — (With Links)","git_history","","section_order_fallback","0","False"
"metas-ai-ambitions-the-future-of-intelligence-or-an-alignment-crisis","Meta’s AI Ambitions: The Future of Intelligence or an Alignment Crisis?","https://cdn-images-1.medium.com/max/800/1*LaT4QorvPcmwg7_rmgrQHw@2x.jpeg","","","","","0","0","rejected","missing_caption_or_provenance","missing_caption_or_provenance","","","git_history","","","0","False"
"mingo-county-mud-in-the-water","Mingo County: Mud in the Water","https://cdn-images-1.medium.com/max/800/1*SBJOe4yaQ3YoQFi8ZNNBaA@2x.jpeg","https://cdn-images-1.medium.com/max/800/1*SBJOe4yaQ3YoQFi8ZNNBaA@2x.jpeg","","1b7bc0f31b0983531545efde2ef0518d63154c5312db959917972bb515e7b60c","1b7bc0f31b0983531545efde2ef0518d63154c5312db959917972bb515e7b60c","800","533","skipped","duplicate_existing_or_featured_image_hash","duplicate_existing_or_featured_image_hash","Photo by engin akyurt on Unsplash","","git_history","","","0","False"
"mingo-county-mud-in-the-water","Mingo County: Mud in the Water","https://cdn-images-1.medium.com/max/800/1*a-6oJsVoqLapBqT0bq7PZw@2x.jpeg","https://cdn-images-1.medium.com/max/800/1*a-6oJsVoqLapBqT0bq7PZw@2x.jpeg","/images/medium/mingo-county-mud-in-the-water/fa34a9e9c1cd8d0707382c359815a8e04df30a474dc1518017bf7debe9e9286d.jpeg","fa34a9e9c1cd8d0707382c359815a8e04df30a474dc1518017bf7debe9e9286d","fa34a9e9c1cd8d0707382c359815a8e04df30a474dc1518017bf7debe9e9286d","800","533","inserted","","","Photo by Dan Meyers on Unsplash","Fix the system now, or get ready to hand out bottled water.What Happens When You Ignore a Water Crisis","git_history","","section_order_fallback","0","False"
"mingo-county-mud-in-the-water","Mingo County: Mud in the Water","https://cdn-images-1.medium.com/max/800/1*eS5D55v-Z8DcNoWylnIPjw@2x.jpeg","https://cdn-images-1.medium.com/max/800/1*eS5D55v-Z8DcNoWylnIPjw@2x.jpeg","/images/medium/mingo-county-mud-in-the-water/caa43ddbd135b00f16c8830ee814cd514cd3598486732acdc919ca0223c1b435.jpeg","caa43ddbd135b00f16c8830ee814cd514cd3598486732acdc919ca0223c1b435","caa43ddbd135b00f16c8830ee814cd514cd3598486732acdc919ca0223c1b435","800","534","inserted","","","Photo by the blowup on Unsplash","Here’s what Mingo County teaches us — and what the rest of America must learn now.How to Fix Failing Water Systems — Before It’s Too Late","git_history","","section_order_fallback","0","False"
"mingo-county-mud-in-the-water","Mingo County: Mud in the Water","https://cdn-images-1.medium.com/max/800/1*hEaF3-fRvfIyZZjkCTQKTA@2x.jpeg","https://cdn-images-1.medium.com/max/800/1*hEaF3-fRvfIyZZjkCTQKTA@2x.jpeg","/images/medium/mingo-county-mud-in-the-water/69bc687eb67ffd638049df8f80a6026d1a1f1a283b15834b15726a4cb6b7ba29.jpeg","69bc687eb67ffd638049df8f80a6026d1a1f1a283b15834b15726a4cb6b7ba29","69bc687eb67ffd638049df8f80a6026d1a1f1a283b15834b15726a4cb6b7ba29","800","536","inserted","","","Photo by Egor Myznik on Unsplash","Why Small Towns Can’t Afford Clean Water Anymore","git_history","","section_order_fallback","0","False"
"mingo-county-mud-in-the-water","Mingo County: Mud in the Water","https://cdn-images-1.medium.com/max/800/1*bVtyeX3sFyRT0Wj1415MRw@2x.jpeg","https://cdn-images-1.medium.com/max/800/1*bVtyeX3sFyRT0Wj1415MRw@2x.jpeg","/images/medium/mingo-county-mud-in-the-water/ec0a1e468675759271eec7142c80bc3b69299cef99cbb2223e153dea0821a36d.jpeg","ec0a1e468675759271eec7142c80bc3b69299cef99cbb2223e153dea0821a36d","ec0a1e468675759271eec7142c80bc3b69299cef99cbb2223e153dea0821a36d","800","600","inserted","","","Photo by Sigmund on Unsplash","Legal doesn’t mean safe.Safe doesn’t mean clean.And clean?That’s not what’s coming out of the tap.America’s Hidden Crisis: 50,000 Water Systems in Trouble","git_history","","section_order_fallback","0","False"
"mingo-county-mud-in-the-water","Mingo County: Mud in the Water","https://cdn-images-1.medium.com/max/800/1*908CqOWEi7Qyyje1moKijA@2x.jpeg","https://cdn-images-1.medium.com/max/800/1*908CqOWEi7Qyyje1moKijA@2x.jpeg","/images/medium/mingo-county-mud-in-the-water/7527468b55be2c6bed751a65e3d01a10e4fd37dfcda4fe519d48603f23b4ca5c.jpeg","7527468b55be2c6bed751a65e3d01a10e4fd37dfcda4fe519d48603f23b4ca5c","7527468b55be2c6bed751a65e3d01a10e4fd37dfcda4fe519d48603f23b4ca5c","800","600","inserted","","","Photo by Ron Whitaker on Unsplash","Toxic Tapwater: When Legal Doesn’t Mean Safe","git_history","","fuzzy_heading","0.55","False"
"nottoway-plantation-burns-down-in-fire-history-and-legacy-of-the-souths-largest-mansion","Nottoway Plantation Burns Down in Fire: History and Legacy of the South’s Largest Mansion","https://cdn-images-1.medium.com/max/800/1*1gMe5MdLVCIRcb24x32Ztg@2x.jpeg","","","","","0","0","skipped","current_body_quota_met","current_body_quota_met","Recovered from the original Medium import archive; original caption unavailable.","","import_report","reports/medium-import-20260306-235406.json","","0","True"
"nottoway-plantation-burns-down-in-fire-history-and-legacy-of-the-souths-largest-mansion","Nottoway Plantation Burns Down in Fire: History and Legacy of the South’s Largest Mansion","https://cdn-images-1.medium.com/max/800/1*gbM806UsWiiWSOBmbV6diw@2x.jpeg","","","","","0","0","skipped","current_body_quota_met","current_body_quota_met","Recovered from the original Medium import archive; original caption unavailable.","","import_report","reports/medium-import-20260306-235406.json","","0","True"
"nottoway-plantation-burns-down-in-fire-history-and-legacy-of-the-souths-largest-mansion","Nottoway Plantation Burns Down in Fire: History and Legacy of the South’s Largest Mansion","https://cdn-images-1.medium.com/max/800/1*qz0TEqeIHcq_9g9WH48hjQ@2x.jpeg","https://cdn-images-1.medium.com/max/800/1*qz0TEqeIHcq_9g9WH48hjQ@2x.jpeg","/images/medium/nottoway-plantation-burns-down-in-fire-history-and-legacy-of-the-souths-largest-mansion/5aec92b991233b26decd67ebbc8f4f8dfcb39923d510e1b3bcd243d2606e16ec.jpeg","5aec92b991233b26decd67ebbc8f4f8dfcb39923d510e1b3bcd243d2606e16ec","5aec92b991233b26decd67ebbc8f4f8dfcb39923d510e1b3bcd243d2606e16ec","800","237","inserted","","","Recovered from the original Medium import archive; original caption unavailable.","","import_report","reports/medium-import-20260306-235406.json","section_order_fallback","0","True"
"nottoway-plantation-burns-down-in-fire-history-and-legacy-of-the-souths-largest-mansion","Nottoway Plantation Burns Down in Fire: History and Legacy of the South’s Largest Mansion","https://cdn-images-1.medium.com/max/800/1*aEAJrrF6Mtu2kT4TvKDcUw@2x.jpeg","https://cdn-images-1.medium.com/max/800/1*aEAJrrF6Mtu2kT4TvKDcUw@2x.jpeg","/images/medium/nottoway-plantation-burns-down-in-fire-history-and-legacy-of-the-souths-largest-mansion/a987a43a9d4b3070c429152fd6470b27645165e1fb247d639094d9b53850ab61.jpeg","a987a43a9d4b3070c429152fd6470b27645165e1fb247d639094d9b53850ab61","a987a43a9d4b3070c429152fd6470b27645165e1fb247d639094d9b53850ab61","800","1373","inserted","","","Recovered from the original Medium import archive; original caption unavailable.","","import_report","reports/medium-import-20260306-235406.json","section_order_fallback","0","True"
"nottoway-plantation-burns-down-in-fire-history-and-legacy-of-the-souths-largest-mansion","Nottoway Plantation Burns Down in Fire: History and Legacy of the South’s Largest Mansion","https://cdn-images-1.medium.com/max/800/1*ERU7TOtvHvrB8aYfzTWioA@2x.jpeg","https://cdn-images-1.medium.com/max/800/1*ERU7TOtvHvrB8aYfzTWioA@2x.jpeg","/images/medium/nottoway-plantation-burns-down-in-fire-history-and-legacy-of-the-souths-largest-mansion/8c8b9a8207f867708d8253e8e576c9df53b56fe73e2dd1f72d4c5f571662d860.jpeg","8c8b9a8207f867708d8253e8e576c9df53b56fe73e2dd1f72d4c5f571662d860","8c8b9a8207f867708d8253e8e576c9df53b56fe73e2dd1f72d4c5f571662d860","800","450","inserted","","","Recovered from the original Medium import archive; original caption unavailable.","","import_report","reports/medium-import-20260306-235406.json","section_order_fallback","0","True"
"nottoway-plantation-burns-down-in-fire-history-and-legacy-of-the-souths-largest-mansion","Nottoway Plantation Burns Down in Fire: History and Legacy of the South’s Largest Mansion","https://cdn-images-1.medium.com/max/800/1*O3_xBjoHbhTajkAuS5wLQA@2x.jpeg","https://cdn-images-1.medium.com/max/800/1*O3_xBjoHbhTajkAuS5wLQA@2x.jpeg","/images/medium/nottoway-plantation-burns-down-in-fire-history-and-legacy-of-the-souths-largest-mansion/f784cf8ad2fbdde9181eed054d21d03ec3eda4b2b7add3ae36eb3d6a0cba328b.jpeg","f784cf8ad2fbdde9181eed054d21d03ec3eda4b2b7add3ae36eb3d6a0cba328b","f784cf8ad2fbdde9181eed054d21d03ec3eda4b2b7add3ae36eb3d6a0cba328b","800","532","inserted","","","Recovered from the original Medium import archive; original caption unavailable.","","import_report","reports/medium-import-20260306-235406.json","section_order_fallback","0","True"
"nottoway-plantation-burns-down-in-fire-history-and-legacy-of-the-souths-largest-mansion","Nottoway Plantation Burns Down in Fire: History and Legacy of the South’s Largest Mansion","https://cdn-images-1.medium.com/max/800/1*pTR213aFNrTMJnFbOz1bRw@2x.jpeg","https://cdn-images-1.medium.com/max/800/1*pTR213aFNrTMJnFbOz1bRw@2x.jpeg","/images/medium/nottoway-plantation-burns-down-in-fire-history-and-legacy-of-the-souths-largest-mansion/5aa3b48e37f9ba5c45b850e0926c845ce9b98f82a3b672403b47b593b8e6bb2d.jpeg","5aa3b48e37f9ba5c45b850e0926c845ce9b98f82a3b672403b47b593b8e6bb2d","5aa3b48e37f9ba5c45b850e0926c845ce9b98f82a3b672403b47b593b8e6bb2d","800","600","inserted","","","Recovered from the original Medium import archive; original caption unavailable.","","import_report","reports/medium-import-20260306-235406.json","section_order_fallback","0","True"
"nottoway-plantation-burns-down-in-fire-history-and-legacy-of-the-souths-largest-mansion","Nottoway Plantation Burns Down in Fire: History and Legacy of the South’s Largest Mansion","https://cdn-images-1.medium.com/max/800/1*qHrxDcaAcnuBd-81A6G01Q@2x.jpeg","https://cdn-images-1.medium.com/max/800/1*qHrxDcaAcnuBd-81A6G01Q@2x.jpeg","/images/medium/nottoway-plantation-burns-down-in-fire-history-and-legacy-of-the-souths-largest-mansion/b6e58a26eba9d291c8e91c1137f53efb6574e1a6b9ab8681dfbc772855702d5d.jpeg","b6e58a26eba9d291c8e91c1137f53efb6574e1a6b9ab8681dfbc772855702d5d","b6e58a26eba9d291c8e91c1137f53efb6574e1a6b9ab8681dfbc772855702d5d","800","633","inserted","","","Recovered from the original Medium import archive; original caption unavailable.","","import_report","reports/medium-import-20260306-235406.json","section_order_fallback","0","True"
"the-100-year-flood-is-not-what-you-think","The 100-Year Flood Is Not What You Think","https://cdn-images-1.medium.com/max/800/1*3BfP94jiI8zd6PbbTrC7PA@2x.jpeg","","","","","0","0","rejected","missing_caption_or_provenance","missing_caption_or_provenance","","","git_history","","","0","False"
"the-100-year-flood-is-not-what-you-think","The 100-Year Flood Is Not What You Think","https://cdn-images-1.medium.com/max/800/1*QkwHnrZCeHCgldxY7S7Ivw@2x.jpeg","","","","","0","0","rejected","missing_caption_or_provenance","missing_caption_or_provenance","","### One Year, One Chance ~ Raised to the Power of Time","git_history","","","0","False"
"the-ledger-vol-2","The Ledger, Vol. 2","https://cdn-images-1.medium.com/max/800/1*lqgukPVI0EQVJ9fx0Xw6Eg@2x.jpeg","https://cdn-images-1.medium.com/max/800/1*lqgukPVI0EQVJ9fx0Xw6Eg@2x.jpeg","/images/medium/the-ledger-vol-2/524b2137f3e583a5c6361ea8974303d8543c20ce64ae7c973310372ab56f454f.jpeg","524b2137f3e583a5c6361ea8974303d8543c20ce64ae7c973310372ab56f454f","524b2137f3e583a5c6361ea8974303d8543c20ce64ae7c973310372ab56f454f","800","790","inserted","","","***The Ledger: A Balance Sheet Joint***","## The Ledger, Vol. 2","git_history","","section_order_fallback","0","False"
"the-political-economy-of-airports","The Political Economy of Airports","https://cdn-images-1.medium.com/max/800/1*g9_b5Uazwafn0Oi0rPqC0g@2x.jpeg","","","","","0","0","rejected","missing_caption_or_provenance","missing_caption_or_provenance","","","git_history","","","0","False"
"the-slow-way-is-the-fast-way","The Slow Way is the Fast Way","https://cdn-images-1.medium.com/max/800/0*aakumkaXNXQOELI4","https://cdn-images-1.medium.com/max/800/0*aakumkaXNXQOELI4","","f3fa7e6605d8194326ea09f55cf0eedc6b6ef10c8d44155f1e51a2644089872c","f3fa7e6605d8194326ea09f55cf0eedc6b6ef10c8d44155f1e51a2644089872c","800","559","skipped","duplicate_existing_or_featured_image_hash","duplicate_existing_or_featured_image_hash","Photo by Theme Photos on Unsplash","","git_history","","","0","False"
"the-slow-way-is-the-fast-way","The Slow Way is the Fast Way","https://cdn-images-1.medium.com/max/800/1*8k_AiRRINRcKSaz4UAiCyg@2x.jpeg","https://cdn-images-1.medium.com/max/800/1*8k_AiRRINRcKSaz4UAiCyg@2x.jpeg","/images/medium/the-slow-way-is-the-fast-way/a195e2e5fdbef7d5c7417de59110433d33365b9c9ad3a851eacf9f7ca3012ed8.jpeg","a195e2e5fdbef7d5c7417de59110433d33365b9c9ad3a851eacf9f7ca3012ed8","a195e2e5fdbef7d5c7417de59110433d33365b9c9ad3a851eacf9f7ca3012ed8","800","600","inserted","","","Photo by Brett Jordan on Unsplash","We actually save time.","git_history","","fuzzy_paragraph","1","False"
"the-slow-way-is-the-fast-way","The Slow Way is the Fast Way","https://cdn-images-1.medium.com/max/800/1*lAo0jpbvejnmq344_Nr9Dw@2x.jpeg","https://cdn-images-1.medium.com/max/800/1*lAo0jpbvejnmq344_Nr9Dw@2x.jpeg","/images/medium/the-slow-way-is-the-fast-way/ba6cbcc2e9164e459a58266644d68bdeed1422121a94e292eacf1a9a4a9cf246.jpeg","ba6cbcc2e9164e459a58266644d68bdeed1422121a94e292eacf1a9a4a9cf246","ba6cbcc2e9164e459a58266644d68bdeed1422121a94e292eacf1a9a4a9cf246","800","533","inserted","","","Photo by Emma Francis on Unsplash","When we rush through life’s big decisions, we often find ourselves circling back to where we started.","git_history","","section_order_fallback","0","False"
"the-undead-state","The Undead State","https://cdn-images-1.medium.com/max/800/1*DdSWpwhrekKViuhM1NFe5Q@2x.jpeg","https://cdn-images-1.medium.com/max/800/1*DdSWpwhrekKViuhM1NFe5Q@2x.jpeg","","cbe459c20ee612506e5eb4167a56aa6042bb7ba8df8ac55426d583d0c7f10e53","cbe459c20ee612506e5eb4167a56aa6042bb7ba8df8ac55426d583d0c7f10e53","800","800","skipped","duplicate_existing_or_featured_image_hash","duplicate_existing_or_featured_image_hash","Made in ChatGPT, February 2025.","","git_history","","","0","False"
"tiktok-the-trojan-horse-of-global-influence","TikTok: The Trojan Horse of Global Influence","https://cdn-images-1.medium.com/max/800/1*skLHk8ojO2GsmxwNqfNVVg@2x.jpeg","","","","","0","0","rejected","missing_caption_or_provenance","missing_caption_or_provenance","","","git_history","","","0","False"
"uncrustables-the-billion-dollar-peanut-butter-empire","Uncrustables: The Billion-Dollar Peanut Butter Empire","https://cdn-images-1.medium.com/max/800/1*eaQr_RGxBFyx7fWl2AAGgw@2x.jpeg","","","","","0","0","rejected","missing_caption_or_provenance","missing_caption_or_provenance","","","git_history","","","0","False"
"uncrustables-the-billion-dollar-peanut-butter-empire","Uncrustables: The Billion-Dollar Peanut Butter Empire","https://cdn-images-1.medium.com/max/800/1*F5f5v_8WOL8s-nEfHaXXnA@2x.jpeg","","","","","0","0","rejected","missing_caption_or_provenance","missing_caption_or_provenance","","It wasn’t the company’s first attempt at reinventing peanut butter and jelly. Back in 1968, Smucker’s introduced Goober, a jar of peanut butter and jelly swirled together — a novelty, but not a revolution.","git_history","","","0","False"
"uncrustables-the-billion-dollar-peanut-butter-empire","Uncrustables: The Billion-Dollar Peanut Butter Empire","https://cdn-images-1.medium.com/max/800/1*AzOPm34WGFuF4T_BJwu7ag@2x.jpeg","","","","","0","0","rejected","missing_caption_or_provenance","missing_caption_or_provenance","","They’ve locked down branding.","git_history","","","0","False"
"uncrustables-the-billion-dollar-peanut-butter-empire","Uncrustables: The Billion-Dollar Peanut Butter Empire","https://cdn-images-1.medium.com/max/800/1*Gy0dHGQVrg7t3hlyaWZBUQ@2x.jpeg","","","","","0","0","skipped","current_body_quota_met","current_body_quota_met","Photo by Debby Hudson on Unsplash","Are you an Uncrustables enjoyer?","git_history","","","0","False"
"uncrustables-the-billion-dollar-peanut-butter-empire","Uncrustables: The Billion-Dollar Peanut Butter Empire","https://cdn-images-1.medium.com/max/800/1*f5IxT99FVs2nZ11PamlDhQ@2x.jpeg","https://cdn-images-1.medium.com/max/800/1*f5IxT99FVs2nZ11PamlDhQ@2x.jpeg","/images/medium/uncrustables-the-billion-dollar-peanut-butter-empire/535010672d8ab6a41f8e9091030cc9a9e8c7c13c8d5407da42fdd8200e937581.jpeg","535010672d8ab6a41f8e9091030cc9a9e8c7c13c8d5407da42fdd8200e937581","535010672d8ab6a41f8e9091030cc9a9e8c7c13c8d5407da42fdd8200e937581","800","491","inserted","","","Photo by Jon Tyson on Unsplash","$1 billion in annual sales — just from PB&J.What’s Next for Uncrustables? New Flavors, Bigger Sales, and a Shelf-Stable PB&J","git_history","","fuzzy_paragraph","0.545","False"
"uncrustables-the-billion-dollar-peanut-butter-empire","Uncrustables: The Billion-Dollar Peanut Butter Empire","https://cdn-images-1.medium.com/max/800/1*E15sddu3fG-zicOSH0zLWQ@2x.jpeg","https://cdn-images-1.medium.com/max/800/1*E15sddu3fG-zicOSH0zLWQ@2x.jpeg","/images/medium/uncrustables-the-billion-dollar-peanut-butter-empire/857001c9d1a26c02765b2b33ff3b208c56c12697efc7ce5c1bb10d5bd16ce3a4.jpeg","857001c9d1a26c02765b2b33ff3b208c56c12697efc7ce5c1bb10d5bd16ce3a4","857001c9d1a26c02765b2b33ff3b208c56c12697efc7ce5c1bb10d5bd16ce3a4","800","532","inserted","","","Photo by Rob on Unsplash","The cycle continues — one perfectly sealed PB&J at a time.Inside Smucker’s Plan to Make Uncrustables a $1 Billion Brand","git_history","","section_order_fallback","0","False"
"uncrustables-the-billion-dollar-peanut-butter-empire","Uncrustables: The Billion-Dollar Peanut Butter Empire","https://cdn-images-1.medium.com/max/800/1*WQs6Fah8Hyha-u_yn9hlQQ@2x.jpeg","https://cdn-images-1.medium.com/max/800/1*WQs6Fah8Hyha-u_yn9hlQQ@2x.jpeg","/images/medium/uncrustables-the-billion-dollar-peanut-butter-empire/502c9af7d38343926679b4000c07f7938a7bb2ffb2de34fd307939daa7c4523a.jpeg","502c9af7d38343926679b4000c07f7938a7bb2ffb2de34fd307939daa7c4523a","502c9af7d38343926679b4000c07f7938a7bb2ffb2de34fd307939daa7c4523a","800","533","inserted","","","Photo by Zac Durant on Unsplash","Uncrustables Take Over: A Cultural Icon","git_history","","section_order_fallback","0","False"
"uncrustables-the-billion-dollar-peanut-butter-empire","Uncrustables: The Billion-Dollar Peanut Butter Empire","https://cdn-images-1.medium.com/max/800/1*JEb5giCVoqw5NYTcuX_oWg@2x.jpeg","https://cdn-images-1.medium.com/max/800/1*JEb5giCVoqw5NYTcuX_oWg@2x.jpeg","/images/medium/uncrustables-the-billion-dollar-peanut-butter-empire/050e305c71a461b7c17ebb859af59988af6d5e18f519bf446720ef13f7ead086.jpeg","050e305c71a461b7c17ebb859af59988af6d5e18f519bf446720ef13f7ead086","050e305c71a461b7c17ebb859af59988af6d5e18f519bf446720ef13f7ead086","800","533","inserted","","","Photo by SpaceX on Unsplash","The Uncrustables Boom: Record Sales, Factory Expansions, and Skyrocketing Demand","git_history","","section_order_fallback","0","False"
"uncrustables-the-billion-dollar-peanut-butter-empire","Uncrustables: The Billion-Dollar Peanut Butter Empire","https://cdn-images-1.medium.com/max/800/1*N15R9kIRLqPrdXTw3YhViw@2x.jpeg","https://cdn-images-1.medium.com/max/800/1*N15R9kIRLqPrdXTw3YhViw@2x.jpeg","/images/medium/uncrustables-the-billion-dollar-peanut-butter-empire/7a3b0eb2f06a2e6e4ef412dfd390d1850aa27e84455a9c9f6059d193d2b8c831.jpeg","7a3b0eb2f06a2e6e4ef412dfd390d1850aa27e84455a9c9f6059d193d2b8c831","7a3b0eb2f06a2e6e4ef412dfd390d1850aa27e84455a9c9f6059d193d2b8c831","800","642","inserted","","","Photo by Riccardo Annandale on Unsplash","They’re doubling down — expanding factories, launching new flavors, and treating Uncrustables like a billion-dollar startup.How Two Dads Turned PB&J Into a Billion-Dollar Idea","git_history","","section_order_fallback","0","False"
"uncrustables-the-billion-dollar-peanut-butter-empire","Uncrustables: The Billion-Dollar Peanut Butter Empire","https://cdn-images-1.medium.com/max/800/1*ADPek6MWzHfH4JY5qSI0Sw@2x.jpeg","https://cdn-images-1.medium.com/max/800/1*ADPek6MWzHfH4JY5qSI0Sw@2x.jpeg","/images/medium/uncrustables-the-billion-dollar-peanut-butter-empire/f4d36b28b81279913abf6c59f947a624113e20293640553b0e928927c19ce172.jpeg","f4d36b28b81279913abf6c59f947a624113e20293640553b0e928927c19ce172","f4d36b28b81279913abf6c59f947a624113e20293640553b0e928927c19ce172","800","531","inserted","","","Photo by Sonder Quest on Unsplash","From School Cafeterias to Every Freezer Aisle in America","git_history","","fuzzy_paragraph","0.667","False"
"why-a-return-to-the-gold-standard-would-break-the-economy","Returning to the Gold Standard Will Break the Economy","https://cdn-images-1.medium.com/max/800/1*QvceGPZHWLRM2guTZ67OKA@2x.jpeg","https://cdn-images-1.medium.com/max/800/1*QvceGPZHWLRM2guTZ67OKA@2x.jpeg","","b20b0f68d3f48fd5a5a22035ff5ff670094552486b74d98c6a1d5c3e71346552","b20b0f68d3f48fd5a5a22035ff5ff670094552486b74d98c6a1d5c3e71346552","800","533","skipped","duplicate_existing_or_featured_image_hash","duplicate_existing_or_featured_image_hash","Photo by Jingming Pan on Unsplash","","git_history","","","0","False"
"why-a-return-to-the-gold-standard-would-break-the-economy","Returning to the Gold Standard Will Break the Economy","https://cdn-images-1.medium.com/max/800/1*hQi0K0at1MOTdENLEugqEw@2x.jpeg","","","","","0","0","rejected","missing_caption_or_provenance","missing_caption_or_provenance","","- In just the last year, it’s climbed 38.63%.","git_history","","","0","False"
"why-a-return-to-the-gold-standard-would-break-the-economy","Returning to the Gold Standard Will Break the Economy","https://cdn-images-1.medium.com/max/800/1*bN1Eu1KU2qs13a5pssg-8g@2x.jpeg","","","","","0","0","rejected","missing_caption_or_provenance","missing_caption_or_provenance","","The chart from goldprice.com shows the full arc, including an all-time high of over $3,000 per ounce in March 2025.","git_history","","","0","False"
"why-a-return-to-the-gold-standard-would-break-the-economy","Returning to the Gold Standard Will Break the Economy","https://cdn-images-1.medium.com/max/800/1*12WYtfhtYGc9bsGGatEuLw@2x.jpeg","","","","","0","0","skipped","current_body_quota_met","current_body_quota_met","Photo by Dmytro Demidko on Unsplash","### The Gold Standard: A Tempting Idea That Would Break the Economy","git_history","","","0","False"
"why-a-return-to-the-gold-standard-would-break-the-economy","Returning to the Gold Standard Will Break the Economy","https://cdn-images-1.medium.com/max/800/1*GhEmY85-n4L3S2C_SjZVLw@2x.jpeg","https://cdn-images-1.medium.com/max/800/1*GhEmY85-n4L3S2C_SjZVLw@2x.jpeg","/images/medium/why-a-return-to-the-gold-standard-would-break-the-economy/982e8af5463df6dd09ee9b9aeb11f3c8764461085e2bf676f51d03a5fc9fe1fb.jpeg","982e8af5463df6dd09ee9b9aeb11f3c8764461085e2bf676f51d03a5fc9fe1fb","982e8af5463df6dd09ee9b9aeb11f3c8764461085e2bf676f51d03a5fc9fe1fb","800","533","inserted","","","Photo by Elimende Inagella on Unsplash","### Could the U.S. Afford to Return to Gold? Let’s Do the Math","git_history","","fuzzy_paragraph","0.5","False"
"why-a-return-to-the-gold-standard-would-break-the-economy","Returning to the Gold Standard Will Break the Economy","https://cdn-images-1.medium.com/max/800/1*KTB2K-MYGCEfn0tG1xed2g@2x.jpeg","https://cdn-images-1.medium.com/max/800/1*KTB2K-MYGCEfn0tG1xed2g@2x.jpeg","/images/medium/why-a-return-to-the-gold-standard-would-break-the-economy/33be05332d8322423b7b558705c4d6b67b80856a914310f057b6cd7f52159786.jpeg","33be05332d8322423b7b558705c4d6b67b80856a914310f057b6cd7f52159786","33be05332d8322423b7b558705c4d6b67b80856a914310f057b6cd7f52159786","800","530","inserted","","","Photo by Robert Gourley on Unsplash","### Is Gold Really Stable? A Look at the Price History","git_history","","section_order_fallback","0","False"
"why-a-return-to-the-gold-standard-would-break-the-economy","Returning to the Gold Standard Will Break the Economy","https://cdn-images-1.medium.com/max/800/1*bga-lqD6nQFf4z8qDIrfRQ@2x.jpeg","https://cdn-images-1.medium.com/max/800/1*bga-lqD6nQFf4z8qDIrfRQ@2x.jpeg","/images/medium/why-a-return-to-the-gold-standard-would-break-the-economy/55f6681fe7029eab9306ef87e5a2d5d99402324c451076520a95310d62c54286.jpeg","55f6681fe7029eab9306ef87e5a2d5d99402324c451076520a95310d62c54286","55f6681fe7029eab9306ef87e5a2d5d99402324c451076520a95310d62c54286","800","533","inserted","","","Photo by jaikishan patel on Unsplash","### Who’s Still Pushing for the Gold Standard ~ and Why They’re Wrong","git_history","","section_order_fallback","0","False"
"why-a-return-to-the-gold-standard-would-break-the-economy","Returning to the Gold Standard Will Break the Economy","https://cdn-images-1.medium.com/max/800/1*e2j8KaAYTGBiWq2pWdJvow@2x.jpeg","https://cdn-images-1.medium.com/max/800/1*e2j8KaAYTGBiWq2pWdJvow@2x.jpeg","/images/medium/why-a-return-to-the-gold-standard-would-break-the-economy/e19a6bf6cfb45e24e2d91c91f8269cd2531f7afb04e2d4d54ebb2bbadd2db52f.jpeg","e19a6bf6cfb45e24e2d91c91f8269cd2531f7afb04e2d4d54ebb2bbadd2db52f","e19a6bf6cfb45e24e2d91c91f8269cd2531f7afb04e2d4d54ebb2bbadd2db52f","800","449","inserted","","","Image Source: FRED | Inflation based on the average price index for all urban consumers (1982–1984 = 100)","Here’s why:","git_history","","fuzzy_paragraph","0.667","False"
"why-a-return-to-the-gold-standard-would-break-the-economy","Returning to the Gold Standard Will Break the Economy","https://cdn-images-1.medium.com/max/800/1*mSRVTk2x94tqPJgUiKOAsg@2x.jpeg","https://cdn-images-1.medium.com/max/800/1*mSRVTk2x94tqPJgUiKOAsg@2x.jpeg","/images/medium/why-a-return-to-the-gold-standard-would-break-the-economy/8c28f7087a3dddf46ea43ae94d8b16910ada8f7c9e97315e2d4026edd23f2dcc.jpeg","8c28f7087a3dddf46ea43ae94d8b16910ada8f7c9e97315e2d4026edd23f2dcc","8c28f7087a3dddf46ea43ae94d8b16910ada8f7c9e97315e2d4026edd23f2dcc","800","534","inserted","","","Photo by Emil Kalibradov on Unsplash","### What a Gold Standard Would Mean for Your Wallet","git_history","","fuzzy_paragraph","0.667","False"
"why-a-return-to-the-gold-standard-would-break-the-economy","Returning to the Gold Standard Will Break the Economy","https://cdn-images-1.medium.com/max/800/1*k9DZ8Jad4LNnzqkr1UXedw@2x.jpeg","https://cdn-images-1.medium.com/max/800/1*k9DZ8Jad4LNnzqkr1UXedw@2x.jpeg","/images/medium/why-a-return-to-the-gold-standard-would-break-the-economy/e73e4fea69af56e83d12e039e9d1ba4281d78c256e9004ebc68d88c37eb8b36c.jpeg","e73e4fea69af56e83d12e039e9d1ba4281d78c256e9004ebc68d88c37eb8b36c","e73e4fea69af56e83d12e039e9d1ba4281d78c256e9004ebc68d88c37eb8b36c","800","533","inserted","","","Photo by Kenny Eliason on Unsplash","### Why the U.S. Left the Gold Standard ~ and Isn’t Going Back","git_history","","fuzzy_heading","0.55","False"
